,id,rho,alpha,ll,model_type
0,1,0.7,0.02,-0.7382791549843212,full
1,1,0.7,0.14,-0.7424072672689896,full
2,1,0.7,1.0,-0.7942945825016905,full
3,1,0.7,7.39,-0.9182015641644978,full
4,1,0.7,54.6,-1.0190767415994135,full
5,1,0.7725,0.02,-0.5999985947928826,full
6,1,0.7725,0.14,-0.6029801195517576,full
7,1,0.7725,1.0,-0.6299586447040084,full
8,1,0.7725,7.39,-0.7312678843320978,full
9,1,0.7725,54.6,-0.8541608219243768,full
10,1,0.845,0.02,-0.5270087027269089,full
11,1,0.845,0.14,-0.5277799594286838,full
12,1,0.845,1.0,-0.5296860579352072,full
13,1,0.845,7.39,-0.5792202674119105,full
14,1,0.845,54.6,-0.6954882214216754,full
15,1,0.9175,0.02,-0.501511812848598,full
16,1,0.9175,0.14,-0.5001166470077075,full
17,1,0.9175,1.0,-0.49178445265907256,full
18,1,0.9175,7.39,-0.4996010800270366,full
19,1,0.9175,54.6,-0.5749031368323527,full
20,1,0.99,0.02,-0.6735929157523973,full
21,1,0.99,0.14,-0.7031143199275798,full
22,1,0.99,1.0,-0.7360956594972567,full
23,1,0.99,7.39,-0.754865598158481,full
24,1,0.99,54.6,-0.7799913793253387,full
25,1,0.95,0.02,-0.940227042260592,learn_only
26,1,0.95,0.14,-0.933704083832394,learn_only
27,1,0.95,1.0,-0.950917178545787,learn_only
28,1,0.95,7.39,-1.0621425772780866,learn_only
29,1,0.95,54.6,-1.3062616168958519,learn_only
30,1,0.7,1.0,-1.0557869162645568,plan_only
31,1,0.7725,1.0,-0.9061153530987388,plan_only
32,1,0.845,1.0,-0.7595791126228583,plan_only
33,1,0.9175,1.0,-0.6376144187728071,plan_only
34,1,0.99,1.0,-0.8023767004991503,plan_only
35,2,0.7,0.02,-0.999323182969883,full
36,2,0.7,0.14,-0.9830335255342597,full
37,2,0.7,1.0,-0.9902887768922186,full
38,2,0.7,7.39,-1.0589022045908476,full
39,2,0.7,54.6,-1.1226103793254119,full
40,2,0.7725,0.02,-0.9501622331882299,full
41,2,0.7725,0.14,-0.9002668476911613,full
42,2,0.7725,1.0,-0.8398467464402364,full
43,2,0.7725,7.39,-0.8666606857062963,full
44,2,0.7725,54.6,-0.9358510957508054,full
45,2,0.845,0.02,-0.9252627022397218,full
46,2,0.845,0.14,-0.8515248466119282,full
47,2,0.845,1.0,-0.7380543117460301,full
48,2,0.845,7.39,-0.701826294150605,full
49,2,0.845,54.6,-0.7495044943997472,full
50,2,0.9175,0.02,-0.859514270953623,full
51,2,0.9175,0.14,-0.7761940746113452,full
52,2,0.9175,1.0,-0.6553939666411811,full
53,2,0.9175,7.39,-0.5848010675692663,full
54,2,0.9175,54.6,-0.5844143589416426,full
55,2,0.99,0.02,-0.7360990526078398,full
56,2,0.99,0.14,-0.6963312768372745,full
57,2,0.99,1.0,-0.684317123517006,full
58,2,0.99,7.39,-0.6749838321985641,full
59,2,0.99,54.6,-0.6430082805756931,full
60,2,0.95,0.02,-1.5267937569786612,learn_only
61,2,0.95,0.14,-1.440079816681536,learn_only
62,2,0.95,1.0,-1.3457604581188929,learn_only
63,2,0.95,7.39,-1.370338474048782,learn_only
64,2,0.95,54.6,-1.5215967180073877,learn_only
65,2,0.7,1.0,-1.1454966246165645,plan_only
66,2,0.7725,1.0,-0.9664928229480372,plan_only
67,2,0.845,1.0,-0.7830401124119166,plan_only
68,2,0.9175,1.0,-0.606134899839331,plan_only
69,2,0.99,1.0,-0.6206436438213269,plan_only
70,3,0.7,0.02,-0.993341991922773,full
71,3,0.7,0.14,-0.9373532608648286,full
72,3,0.7,1.0,-0.9019700079881382,full
73,3,0.7,7.39,-0.9998797656996489,full
74,3,0.7,54.6,-1.0829889509677624,full
75,3,0.7725,0.02,-1.037341994503476,full
76,3,0.7725,0.14,-0.9339493292213426,full
77,3,0.7725,1.0,-0.7868660251531618,full
78,3,0.7725,7.39,-0.8130453385851177,full
79,3,0.7725,54.6,-0.9045290209321586,full
80,3,0.845,0.02,-1.069813541039365,full
81,3,0.845,0.14,-0.9345226270772848,full
82,3,0.845,1.0,-0.7223065309123238,full
83,3,0.845,7.39,-0.6617694517963897,full
84,3,0.845,54.6,-0.7294068324503126,full
85,3,0.9175,0.02,-1.009937958602731,full
86,3,0.9175,0.14,-0.8653822262677682,full
87,3,0.9175,1.0,-0.6661302411333283,full
88,3,0.9175,7.39,-0.5698488855132323,full
89,3,0.9175,54.6,-0.5833994051120583,full
90,3,0.99,0.02,-0.8529430964178504,full
91,3,0.99,0.14,-0.7697451839712686,full
92,3,0.99,1.0,-0.7317030016291609,full
93,3,0.99,7.39,-0.7222032407002759,full
94,3,0.99,54.6,-0.700832802075119,full
95,3,0.95,0.02,-1.5070508410602055,learn_only
96,3,0.95,0.14,-1.3660166681089214,learn_only
97,3,0.95,1.0,-1.2190778826605744,learn_only
98,3,0.95,7.39,-1.2529245072363704,learn_only
99,3,0.95,54.6,-1.438122005588907,learn_only
100,3,0.7,1.0,-1.1118554839845616,plan_only
101,3,0.7725,1.0,-0.9438512717545502,plan_only
102,3,0.845,1.0,-0.7742422374910198,plan_only
103,3,0.9175,1.0,-0.6179397194393846,plan_only
104,3,0.99,1.0,-0.6887935400755103,plan_only
105,4,0.7,0.02,-1.0124568809769745,full
106,4,0.7,0.14,-1.000154109629708,full
107,4,0.7,1.0,-1.020310728385354,full
108,4,0.7,7.39,-1.1020651923116385,full
109,4,0.7,54.6,-1.1743710201193,full
110,4,0.7725,0.02,-0.9312721297729263,full
111,4,0.7725,0.14,-0.8874483870958484,full
112,4,0.7725,1.0,-0.8444443955383509,full
113,4,0.7725,7.39,-0.887008533710097,full
114,4,0.7725,54.6,-0.9671475928659874,full
115,4,0.845,0.02,-0.8709600408630458,full
116,4,0.845,0.14,-0.8082920627071077,full
117,4,0.845,1.0,-0.7173673944168018,full
118,4,0.845,7.39,-0.6963013178157091,full
119,4,0.845,54.6,-0.7553869827335602,full
120,4,0.9175,0.02,-0.7704426928166367,full
121,4,0.9175,0.14,-0.7065279341430679,full
122,4,0.9175,1.0,-0.6091274528391081,full
123,4,0.9175,7.39,-0.5460437263746895,full
124,4,0.9175,54.6,-0.5539674104820509,full
125,4,0.99,0.02,-0.6281787956844752,full
126,4,0.99,0.14,-0.5867567264188376,full
127,4,0.99,1.0,-0.5701607416737581,full
128,4,0.99,7.39,-0.5525408968831083,full
129,4,0.99,54.6,-0.5199142324184917,full
130,4,0.95,0.02,-1.5198717577740977,learn_only
131,4,0.95,0.14,-1.4573779291790063,learn_only
132,4,0.95,1.0,-1.3941484130195592,learn_only
133,4,0.95,7.39,-1.4360749427056418,learn_only
134,4,0.95,54.6,-1.601522669338364,learn_only
135,4,0.7,1.0,-1.2015651923365696,plan_only
136,4,0.7725,1.0,-1.0042287416038487,plan_only
137,4,0.845,1.0,-0.7977032372800774,plan_only
138,4,0.9175,1.0,-0.5864602005059085,plan_only
139,4,0.99,1.0,-0.5070604833976874,plan_only
140,5,0.7,0.02,-0.6215498319578039,full
141,5,0.7,0.14,-0.6355802511589272,full
142,5,0.7,1.0,-0.6927689548973839,full
143,5,0.7,7.39,-0.8168983765974783,full
144,5,0.7,54.6,-0.9115914427807377,full
145,5,0.7725,0.02,-0.4988212721422888,full
146,5,0.7725,0.14,-0.5049472635063158,full
147,5,0.7725,1.0,-0.5447869837422887,full
148,5,0.7725,7.39,-0.6668146676876626,full
149,5,0.7725,54.6,-0.7856362771478282,full
150,5,0.845,0.02,-0.437678323447784,full
151,5,0.845,0.14,-0.4373902087903868,full
152,5,0.845,1.0,-0.46032124814572617,full
153,5,0.845,7.39,-0.5558226207921682,full
154,5,0.845,54.6,-0.675585561951211,full
155,5,0.9175,0.02,-0.43094119331815683,full
156,5,0.9175,0.14,-0.43298866201863284,full
157,5,0.9175,1.0,-0.45878521774121833,full
158,5,0.9175,7.39,-0.5329440966838895,full
159,5,0.9175,54.6,-0.6255856409877454,full
160,5,0.99,0.02,-0.7424762677964221,full
161,5,0.99,0.14,-0.7895152214412102,full
162,5,0.99,1.0,-0.8619687031360886,full
163,5,0.99,7.39,-0.9516032292592511,full
164,5,0.99,54.6,-1.0153953807781113,full
165,5,0.95,0.02,-0.6756218566987245,learn_only
166,5,0.95,0.14,-0.670245956989026,learn_only
167,5,0.95,1.0,-0.7028173468334852,learn_only
168,5,0.95,7.39,-0.8666772904281437,learn_only
169,5,0.95,54.6,-1.1271369691883482,learn_only
170,5,0.7,1.0,-0.9436497808245475,plan_only
171,5,0.7725,1.0,-0.8306435157871157,plan_only
172,5,0.845,1.0,-0.7302528628865358,plan_only
173,5,0.9175,1.0,-0.6769638174396521,plan_only
174,5,0.99,1.0,-1.0295430213464294,plan_only
175,7,0.7,0.02,-0.9410707695855999,full
176,7,0.7,0.14,-0.8931237340982584,full
177,7,0.7,1.0,-0.8989823770413781,full
178,7,0.7,7.39,-1.0257816282447856,full
179,7,0.7,54.6,-1.1384264419658343,full
180,7,0.7725,0.02,-0.7991759424522898,full
181,7,0.7725,0.14,-0.7381109628886326,full
182,7,0.7725,1.0,-0.700042849412284,full
183,7,0.7725,7.39,-0.7978025713740943,full
184,7,0.7725,54.6,-0.9318927897061805,full
185,7,0.845,0.02,-0.7048526929723027,full
186,7,0.845,0.14,-0.6409630496109632,full
187,7,0.845,1.0,-0.5635861718126216,full
188,7,0.845,7.39,-0.5995455329817894,full
189,7,0.845,54.6,-0.7220160261411609,full
190,7,0.9175,0.02,-0.628961073149912,full
191,7,0.9175,0.14,-0.5610533698859204,full
192,7,0.9175,1.0,-0.4669977180971445,full
193,7,0.9175,7.39,-0.4526002047188384,full
194,7,0.9175,54.6,-0.5275117222716819,full
195,7,0.99,0.02,-0.5294634146168573,full
196,7,0.99,0.14,-0.48649336833286466,full
197,7,0.99,1.0,-0.4785936882217138,full
198,7,0.99,7.39,-0.5016064838396155,full
199,7,0.99,54.6,-0.5306950656922609,full
200,7,0.95,0.02,-1.303031654954997,learn_only
201,7,0.95,0.14,-1.2154053082680092,learn_only
202,7,0.95,1.0,-1.1429619667167032,learn_only
203,7,0.95,7.39,-1.2421342153212642,learn_only
204,7,0.95,54.6,-1.5044840462950784,learn_only
205,7,0.7,1.0,-1.1791377652485673,plan_only
206,7,0.7725,1.0,-0.9891343741415242,plan_only
207,7,0.845,1.0,-0.7918379873328127,plan_only
208,7,0.9175,1.0,-0.5943300802392777,plan_only
209,7,0.99,1.0,-0.5524937475671432,plan_only
210,8,0.7,0.02,-0.8779411356073137,full
211,8,0.7,0.14,-0.8409069061695421,full
212,8,0.7,1.0,-0.7975296590279009,full
213,8,0.7,7.39,-0.8041867466820424,full
214,8,0.7,54.6,-0.8309215075716443,full
215,8,0.7725,0.02,-0.970414388829583,full
216,8,0.7725,0.14,-0.9049080042338835,full
217,8,0.7725,1.0,-0.7952016793946967,full
218,8,0.7725,7.39,-0.738492496573601,full
219,8,0.7725,54.6,-0.750184122492144,full
220,8,0.845,0.02,-1.088139525928364,full
221,8,0.845,0.14,-1.0092419950972058,full
222,8,0.845,1.0,-0.860502200374766,full
223,8,0.845,7.39,-0.7309359786190567,full
224,8,0.845,54.6,-0.6985594241312916,full
225,8,0.9175,0.02,-1.210816823539351,full
226,8,0.9175,0.14,-1.1344103728017985,full
227,8,0.9175,1.0,-0.994692582940214,full
228,8,0.9175,7.39,-0.8331784953799406,full
229,8,0.9175,54.6,-0.7337913838921648,full
230,8,0.99,0.02,-1.5563420678993072,full
231,8,0.99,0.14,-1.5264199405860892,full
232,8,0.99,1.0,-1.5109617159468047,full
233,8,0.99,7.39,-1.4402133676536821,full
234,8,0.99,54.6,-1.3151607477464027,full
235,8,0.95,0.02,-1.183370233227958,learn_only
236,8,0.95,0.14,-1.1114040670512022,learn_only
237,8,0.95,1.0,-1.021134313957641,learn_only
238,8,0.95,7.39,-0.9814864044257927,learn_only
239,8,0.95,54.6,-1.0410594975752647,learn_only
240,8,0.7,1.0,-0.8427263589285394,plan_only
241,8,0.7725,1.0,-0.762718862206655,plan_only
242,8,0.845,1.0,-0.7038592381238458,plan_only
243,8,0.9175,1.0,-0.7123782762398125,plan_only
244,8,0.99,1.0,-1.2339927101089807,plan_only
245,9,0.7,0.02,-0.9016869399895568,full
246,9,0.7,0.14,-0.8973385754259617,full
247,9,0.7,1.0,-0.9383431057311654,full
248,9,0.7,7.39,-1.0548794242998099,full
249,9,0.7,54.6,-1.1468445685796822,full
250,9,0.7725,0.02,-0.7553197465111254,full
251,9,0.7725,0.14,-0.7430465753755718,full
252,9,0.7725,1.0,-0.7472422258159898,full
253,9,0.7725,7.39,-0.8352895045730179,full
254,9,0.7725,54.6,-0.9442266209782755,full
255,9,0.845,0.02,-0.6709123023797648,full
256,9,0.845,0.14,-0.6471443863595918,full
257,9,0.845,1.0,-0.6112417633773468,full
258,9,0.845,7.39,-0.6414510907764962,full
259,9,0.845,54.6,-0.7383601085824589,full
260,9,0.9175,0.02,-0.6107672610123459,full
261,9,0.9175,0.14,-0.5689485082338968,full
262,9,0.9175,1.0,-0.5068712058337422,full
263,9,0.9175,7.39,-0.494068031352231,full
264,9,0.9175,54.6,-0.546916944457889,full
265,9,0.99,0.02,-0.5498189347598522,full
266,9,0.99,0.14,-0.5211461096128671,full
267,9,0.99,1.0,-0.5186088662965966,full
268,9,0.99,7.39,-0.5367386597954538,full
269,9,0.99,54.6,-0.5485538278793491,full
270,9,0.95,0.02,-1.3287671734745299,learn_only
271,9,0.95,0.14,-1.2691528511247818,learn_only
272,9,0.95,1.0,-1.2266673986979528,learn_only
273,9,0.95,7.39,-1.3186029605902152,learn_only
274,9,0.95,54.6,-1.5393156866663533,learn_only
275,9,0.7,1.0,-1.1791377652485673,plan_only
276,9,0.7725,1.0,-0.9891343741415242,plan_only
277,9,0.845,1.0,-0.791837987332813,plan_only
278,9,0.9175,1.0,-0.5943300802392777,plan_only
279,9,0.99,1.0,-0.5524937475671434,plan_only
280,10,0.7,0.02,-0.7889024373365647,full
281,10,0.7,0.14,-0.790196434520683,full
282,10,0.7,1.0,-0.8492585186792934,full
283,10,0.7,7.39,-0.9738236612300458,full
284,10,0.7,54.6,-1.0676744329056065,full
285,10,0.7725,0.02,-0.7008260676037648,full
286,10,0.7725,0.14,-0.6745213013524209,full
287,10,0.7725,1.0,-0.680728796343689,full
288,10,0.7725,7.39,-0.7790687450968128,full
289,10,0.7725,54.6,-0.890540865534849,full
290,10,0.845,0.02,-0.6478270162987316,full
291,10,0.845,0.14,-0.6064862801476366,full
292,10,0.845,1.0,-0.5705511980454454,full
293,10,0.845,7.39,-0.616289841901682,full
294,10,0.845,54.6,-0.7169768141039545,full
295,10,0.9175,0.02,-0.5944725792112499,full
296,10,0.9175,0.14,-0.5506203403966621,full
297,10,0.9175,1.0,-0.5059358195362178,full
298,10,0.9175,7.39,-0.5152303912423251,full
299,10,0.9175,54.6,-0.5740889667014472,full
300,10,0.99,0.02,-0.6208988335688034,full
301,10,0.99,0.14,-0.6283022317945932,full
302,10,0.99,1.0,-0.6553126636959042,full
303,10,0.99,7.39,-0.6911872825305004,full
304,10,0.99,54.6,-0.7088589385741642,full
305,10,0.95,0.02,-1.084401312821611,learn_only
306,10,0.95,0.14,-1.048216774167006,learn_only
307,10,0.95,1.0,-1.0433708286269412,learn_only
308,10,0.95,7.39,-1.1640788563653628,learn_only
309,10,0.95,54.6,-1.398410422404098,learn_only
310,10,0.7,1.0,-1.1006417704405609,plan_only
311,10,0.7725,1.0,-0.936304088023388,plan_only
312,10,0.845,1.0,-0.7713096125173876,plan_only
313,10,0.9175,1.0,-0.6218746593060691,plan_only
314,10,0.99,1.0,-0.7115101721602384,plan_only
315,11,0.7,0.02,-0.8335467350896405,full
316,11,0.7,0.14,-0.8307452960224728,full
317,11,0.7,1.0,-0.8385301315337095,full
318,11,0.7,7.39,-0.8863417606897919,full
319,11,0.7,54.6,-0.9430173482211597,full
320,11,0.7725,0.02,-0.7694224156212954,full
321,11,0.7725,0.14,-0.7650171519163456,full
322,11,0.7725,1.0,-0.7515501130328444,full
323,11,0.7725,7.39,-0.7594212910551249,full
324,11,0.7725,54.6,-0.8154091445720028,full
325,11,0.845,0.02,-0.7781562629507106,full
326,11,0.845,0.14,-0.7703915198705635,full
327,11,0.845,1.0,-0.7328600669551086,full
328,11,0.845,7.39,-0.6793855180125986,full
329,11,0.845,54.6,-0.7044099824365219,full
330,11,0.9175,0.02,-0.8627170854383195,full
331,11,0.9175,0.14,-0.847250859857039,full
332,11,0.9175,1.0,-0.7879509195396343,full
333,11,0.9175,7.39,-0.6890319770978425,full
334,11,0.9175,54.6,-0.6531939322876102,full
335,11,0.99,0.02,-1.1935074688849316,full
336,11,0.99,0.14,-1.168812622900049,full
337,11,0.99,1.0,-1.1470296216668794,full
338,11,0.99,7.39,-1.0959113589409821,full
339,11,0.99,54.6,-1.0205250982141747,full
340,11,0.95,0.02,-1.178543196502422,learn_only
341,11,0.95,0.14,-1.1457879478380015,learn_only
342,11,0.95,1.0,-1.0891967066131971,learn_only
343,11,0.95,7.39,-1.0878501686033326,learn_only
344,11,0.95,54.6,-1.209866194154989,learn_only
345,11,0.7,1.0,-0.9660772079125495,plan_only
346,11,0.7725,1.0,-0.8457378832494402,plan_only
347,11,0.845,1.0,-0.7361181128338002,plan_only
348,11,0.9175,1.0,-0.6690939377062831,plan_only
349,11,0.99,1.0,-0.9841097571769739,plan_only
350,12,0.7,0.02,-0.7957793807640209,full
351,12,0.7,0.14,-0.786646234232238,full
352,12,0.7,1.0,-0.8349193109061022,full
353,12,0.7,7.39,-0.9703136274848685,full
354,12,0.7,54.6,-1.0750891143947559,full
355,12,0.7725,0.02,-0.6537858641701406,full
356,12,0.7725,0.14,-0.6395320138927933,full
357,12,0.7725,1.0,-0.6549565691944788,full
358,12,0.7725,7.39,-0.7655000184505976,full
359,12,0.7725,54.6,-0.8921755558728354,full
360,12,0.845,0.02,-0.5741931332731076,full
361,12,0.845,0.14,-0.5543365036730871,full
362,12,0.845,1.0,-0.5359690769943339,full
363,12,0.845,7.39,-0.592331641109739,full
364,12,0.845,54.6,-0.7112658588495657,full
365,12,0.9175,0.02,-0.5261705174614582,full
366,12,0.9175,0.14,-0.5016552744103773,full
367,12,0.9175,1.0,-0.4657894451988537,full
368,12,0.9175,7.39,-0.4794650584471679,full
369,12,0.9175,54.6,-0.5578970184595056,full
370,12,0.99,0.02,-0.5882282609467531,full
371,12,0.99,0.14,-0.5683618021456818,full
372,12,0.99,1.0,-0.5812474022554438,full
373,12,0.99,7.39,-0.6264962543431677,full
374,12,0.99,54.6,-0.6694187461262857,full
375,12,0.95,0.02,-1.1085483573048094,learn_only
376,12,0.95,0.14,-1.0651822163247018,learn_only
377,12,0.95,1.0,-1.0392411011671956,learn_only
378,12,0.95,7.39,-1.151296345756935,learn_only
379,12,0.95,54.6,-1.4034249128495233,learn_only
380,12,0.7,1.0,-1.1118554839845616,plan_only
381,12,0.7725,1.0,-0.9438512717545503,plan_only
382,12,0.845,1.0,-0.7742422374910198,plan_only
383,12,0.9175,1.0,-0.6179397194393845,plan_only
384,12,0.99,1.0,-0.6887935400755104,plan_only
385,13,0.7,0.02,-0.859335186186718,full
386,13,0.7,0.14,-0.8297571881114673,full
387,13,0.7,1.0,-0.7622061732470374,full
388,13,0.7,7.39,-0.722078658297362,full
389,13,0.7,54.6,-0.7253262119804271,full
390,13,0.7725,0.02,-1.0007716121221581,full
391,13,0.7725,0.14,-0.9549963960888267,full
392,13,0.7725,1.0,-0.8280095363727599,full
393,13,0.7725,7.39,-0.7085582708708724,full
394,13,0.7725,54.6,-0.6851170331783403,full
395,13,0.845,0.02,-1.175110929453859,full
396,13,0.845,0.14,-1.1213878731519031,full
397,13,0.845,1.0,-0.9625717550908398,full
398,13,0.845,7.39,-0.7636178451139353,full
399,13,0.845,54.6,-0.684828884986086,full
400,13,0.9175,0.02,-1.3614278109705475,full
401,13,0.9175,0.14,-1.3134303115706765,full
402,13,0.9175,1.0,-1.1699414697865216,full
403,13,0.9175,7.39,-0.9478723830868535,full
404,13,0.9175,54.6,-0.7955753655222244,full
405,13,0.99,0.02,-1.8629384149057735,full
406,13,0.99,0.14,-1.8628011490045993,full
407,13,0.99,1.0,-1.8368402964360855,full
408,13,0.99,7.39,-1.738071044200699,full
409,13,0.99,54.6,-1.5701344744618477,full
410,13,0.95,0.02,-1.1540044793672024,learn_only
411,13,0.95,0.14,-1.0916405002297538,learn_only
412,13,0.95,1.0,-0.9726596808681389,learn_only
413,13,0.95,7.39,-0.8710997735945389,learn_only
414,13,0.95,54.6,-0.8734516398083058,learn_only
415,13,0.7,1.0,-0.7305892234885298,plan_only
416,13,0.7725,1.0,-0.6872470248950322,plan_only
417,13,0.845,1.0,-0.6745329883875234,plan_only
418,13,0.9175,1.0,-0.7517276749066576,plan_only
419,13,0.99,1.0,-1.4611590309562592,plan_only
420,14,0.7,0.02,-0.8301575502034033,full
421,14,0.7,0.14,-0.7886138717624865,full
422,14,0.7,1.0,-0.7712134854314382,full
423,14,0.7,7.39,-0.8379482986467182,full
424,14,0.7,54.6,-0.8983762739395214,full
425,14,0.7725,0.02,-0.896121705988198,full
426,14,0.7725,0.14,-0.8133019900924363,full
427,14,0.7725,1.0,-0.7058402613667767,full
428,14,0.7725,7.39,-0.7210866590305933,full
429,14,0.7725,54.6,-0.7852894219248425,full
430,14,0.845,0.02,-0.9824943311434844,full
431,14,0.845,0.14,-0.8743045560399612,full
432,14,0.845,1.0,-0.7082767392299629,full
433,14,0.845,7.39,-0.6511552692168392,full
434,14,0.845,54.6,-0.6920761226398491,full
435,14,0.9175,0.02,-1.0432453206201409,full
436,14,0.9175,0.14,-0.9335132945122038,full
437,14,0.9175,1.0,-0.773760857562456,full
438,14,0.9175,7.39,-0.6757585292755474,full
439,14,0.9175,54.6,-0.6662488982409128,full
440,14,0.99,0.02,-1.281750163264395,full
441,14,0.99,0.14,-1.2233086011872734,full
442,14,0.99,1.0,-1.1796208226987972,full
443,14,0.99,7.39,-1.1445515919463136,full
444,14,0.99,54.6,-1.1035919149156206,full
445,14,0.95,0.02,-1.1955859085880014,learn_only
446,14,0.95,0.14,-1.0910206704465013,learn_only
447,14,0.95,1.0,-0.9752909502230025,learn_only
448,14,0.95,7.39,-0.9838466322656976,learn_only
449,14,0.95,54.6,-1.1302446674993682,learn_only
450,14,0.7,1.0,-0.9212223537365458,plan_only
451,14,0.7725,1.0,-0.8155491483247912,plan_only
452,14,0.845,1.0,-0.7243876129392715,plan_only
453,14,0.9175,1.0,-0.6848336971730211,plan_only
454,14,0.99,1.0,-1.0749762855158846,plan_only
455,15,0.7,0.02,-1.0612597460152713,full
456,15,0.7,0.14,-1.0048765254290166,full
457,15,0.7,1.0,-0.9524943856403034,full
458,15,0.7,7.39,-1.005259911887632,full
459,15,0.7,54.6,-1.06681106984692,full
460,15,0.7725,0.02,-1.1196588276798933,full
461,15,0.7725,0.14,-1.0168039072484096,full
462,15,0.7725,1.0,-0.8581093070337842,full
463,15,0.7725,7.39,-0.8368385300123627,full
464,15,0.7725,54.6,-0.8988637828289816,full
465,15,0.845,0.02,-1.1805201785556847,full
466,15,0.845,0.14,-1.0461550337195975,full
467,15,0.845,1.0,-0.8181825496798775,full
468,15,0.845,7.39,-0.7052879461788077,full
469,15,0.845,54.6,-0.7366870481160921,full
470,15,0.9175,0.02,-1.1715570194948213,full
471,15,0.9175,0.14,-1.024219424685422,full
472,15,0.9175,1.0,-0.7947503416809578,full
473,15,0.9175,7.39,-0.6371118569369718,full
474,15,0.9175,54.6,-0.6084151704788769,full
475,15,0.99,0.02,-1.0966976927039762,full
476,15,0.99,0.14,-0.9902153130199786,full
477,15,0.99,1.0,-0.9036508754764959,full
478,15,0.99,7.39,-0.8316636175297667,full
479,15,0.99,54.6,-0.765435811066278,full
480,15,0.95,0.02,-1.666255227288573,learn_only
481,15,0.95,0.14,-1.5158600491567362,learn_only
482,15,0.95,1.0,-1.3312771356499042,learn_only
483,15,0.95,7.39,-1.2953045474334375,learn_only
484,15,0.95,54.6,-1.4257698478045444,learn_only
485,15,0.7,1.0,-1.0894280568965597,plan_only
486,15,0.7725,1.0,-0.9287569042922257,plan_only
487,15,0.845,1.0,-0.7683769875437549,plan_only
488,15,0.9175,1.0,-0.6258095991727537,plan_only
489,15,0.99,1.0,-0.7342268042449668,plan_only
490,16,0.7,0.02,-0.7675266781314394,full
491,16,0.7,0.14,-0.7511171970053503,full
492,16,0.7,1.0,-0.8051108864340841,full
493,16,0.7,7.39,-0.9573178236402432,full
494,16,0.7,54.6,-1.0644454832579242,full
495,16,0.7725,0.02,-0.7121103514571938,full
496,16,0.7725,0.14,-0.6598417747481287,full
497,16,0.7725,1.0,-0.6364769128827831,full
498,16,0.7725,7.39,-0.7552728055693636,full
499,16,0.7725,54.6,-0.8851024740107206,full
500,16,0.845,0.02,-0.6627902924946791,full
501,16,0.845,0.14,-0.5956935042163487,full
502,16,0.845,1.0,-0.5281481511379232,full
503,16,0.845,7.39,-0.5854215614416189,full
504,16,0.845,54.6,-0.7082054386154321,full
505,16,0.9175,0.02,-0.5710768517075608,full
506,16,0.9175,0.14,-0.517331048356894,full
507,16,0.9175,1.0,-0.46091668303715155,full
508,16,0.9175,7.39,-0.47755649381733684,full
509,16,0.9175,54.6,-0.5601294700300296,full
510,16,0.99,0.02,-0.575374655506314,full
511,16,0.99,0.14,-0.5792592966190305,full
512,16,0.99,1.0,-0.6104872538658295,full
513,16,0.99,7.39,-0.6509332661571703,full
514,16,0.99,54.6,-0.6884247780873417,full
515,16,0.95,0.02,-1.0358184842656335,learn_only
516,16,0.95,0.14,-0.9900686010845963,learn_only
517,16,0.95,1.0,-0.9834942735787282,learn_only
518,16,0.95,7.39,-1.126531733130742,learn_only
519,16,0.95,54.6,-1.3864738745734582,learn_only
520,16,0.7,1.0,-1.1006417704405607,plan_only
521,16,0.7725,1.0,-0.9363040880233878,plan_only
522,16,0.845,1.0,-0.7713096125173872,plan_only
523,16,0.9175,1.0,-0.6218746593060691,plan_only
524,16,0.99,1.0,-0.7115101721602388,plan_only
525,17,0.7,0.02,-0.5767849471369022,full
526,17,0.7,0.14,-0.5935520168677029,full
527,17,0.7,1.0,-0.6723269993979308,full
528,17,0.7,7.39,-0.7978216286882207,full
529,17,0.7,54.6,-0.8819351257776633,full
530,17,0.7725,0.02,-0.5275055830026972,full
531,17,0.7725,0.14,-0.5227253242475525,full
532,17,0.7725,1.0,-0.5603995922658596,full
533,17,0.7725,7.39,-0.6687717805092175,full
534,17,0.7725,54.6,-0.7694997873465143,full
535,17,0.845,0.02,-0.5247670829661737,full
536,17,0.845,0.14,-0.510178896854074,full
537,17,0.845,1.0,-0.5180303662692357,full
538,17,0.845,7.39,-0.5847627511902013,full
539,17,0.845,54.6,-0.6769361219034363,full
540,17,0.9175,0.02,-0.5587781465796956,full
541,17,0.9175,0.14,-0.5518229576750195,full
542,17,0.9175,1.0,-0.5599809867762563,full
543,17,0.9175,7.39,-0.5968143693996014,full
544,17,0.9175,54.6,-0.6528501001053387,full
545,17,0.99,0.02,-0.9180404870633471,full
546,17,0.99,0.14,-0.9566992412680776,full
547,17,0.99,1.0,-1.0162500085688144,full
548,17,0.99,7.39,-1.0763943606082567,full
549,17,0.99,54.6,-1.104243074763946,full
550,17,0.95,0.02,-0.6772499560205258,learn_only
551,17,0.95,0.14,-0.674515542407197,learn_only
552,17,0.95,1.0,-0.7159821599547325,learn_only
553,17,0.95,7.39,-0.8589973278247509,learn_only
554,17,0.95,54.6,-1.086038522198868,learn_only
555,17,0.7,1.0,-0.9100086401925447,plan_only
556,17,0.7725,1.0,-0.8080019645936292,plan_only
557,17,0.845,1.0,-0.7214549879656391,plan_only
558,17,0.9175,1.0,-0.6887686370397056,plan_only
559,17,0.99,1.0,-1.0976929176006132,plan_only
560,18,0.7,0.02,-0.9293724807997977,full
561,18,0.7,0.14,-0.8916802701140665,full
562,18,0.7,1.0,-0.8653056934752505,full
563,18,0.7,7.39,-0.9092638072822069,full
564,18,0.7,54.6,-0.9583444134736707,full
565,18,0.7725,0.02,-0.9805682182690273,full
566,18,0.7725,0.14,-0.9060978734992846,full
567,18,0.7725,1.0,-0.7998869461986409,full
568,18,0.7725,7.39,-0.7863156163989924,full
569,18,0.7725,54.6,-0.8298226317151256,full
570,18,0.845,0.02,-1.047689394432116,full
571,18,0.845,0.14,-0.9535988190332164,full
572,18,0.845,1.0,-0.7971441344768901,full
573,18,0.845,7.39,-0.7104341318116179,full
574,18,0.845,54.6,-0.718253192318171,full
575,18,0.9175,0.02,-1.0906522708364237,full
576,18,0.9175,0.14,-0.9978178526482262,full
577,18,0.9175,1.0,-0.846152862726754,full
578,18,0.9175,7.39,-0.7210803106464663,full
579,18,0.9175,54.6,-0.666078770222696,full
580,18,0.99,0.02,-1.2622248020025593,full
581,18,0.99,0.14,-1.207023963963511,full
582,18,0.99,1.0,-1.1654525047295292,full
583,18,0.99,7.39,-1.1107585743138597,full
584,18,0.99,54.6,-1.0205116238798824,full
585,18,0.95,0.02,-1.332763100752326,learn_only
586,18,0.95,0.14,-1.2382945965380967,learn_only
587,18,0.95,1.0,-1.131012131494439,learn_only
588,18,0.95,7.39,-1.1295638849501544,learn_only
589,18,0.95,54.6,-1.2442399172055636,learn_only
590,18,0.7,1.0,-0.9772909214565505,plan_only
591,18,0.7725,1.0,-0.8532850669806026,plan_only
592,18,0.845,1.0,-0.7390507378074326,plan_only
593,18,0.9175,1.0,-0.6651589978395986,plan_only
594,18,0.99,1.0,-0.9613931250922458,plan_only
595,19,0.7,0.02,-0.9057269862379516,full
596,19,0.7,0.14,-0.8555443919797421,full
597,19,0.7,1.0,-0.818453062021514,full
598,19,0.7,7.39,-0.8524149993040048,full
599,19,0.7,54.6,-0.8935687676536135,full
600,19,0.7725,0.02,-0.982182885504017,full
601,19,0.7725,0.14,-0.8932878583848536,full
602,19,0.7725,1.0,-0.7773021770692446,full
603,19,0.7725,7.39,-0.7560742653932826,full
604,19,0.7725,54.6,-0.7885723904462265,full
605,19,0.845,0.02,-1.0719136672635872,full
606,19,0.845,0.14,-0.9638246986743763,full
607,19,0.845,1.0,-0.8005515053511303,full
608,19,0.845,7.39,-0.7119807921326924,full
609,19,0.845,54.6,-0.7067771165615111,full
610,19,0.9175,0.02,-1.1428565694546655,full
611,19,0.9175,0.14,-1.0393382698899745,full
612,19,0.9175,1.0,-0.886462401447891,full
613,19,0.9175,7.39,-0.7661595989730733,full
614,19,0.9175,54.6,-0.6985383670437653,full
615,19,0.99,0.02,-1.4144565584241853,full
616,19,0.99,0.14,-1.3579709016919383,full
617,19,0.99,1.0,-1.3182063545893978,full
618,19,0.99,7.39,-1.2649042227266498,full
619,19,0.99,54.6,-1.1671509884205933,full
620,19,0.95,0.02,-1.2296564421814704,learn_only
621,19,0.95,0.14,-1.1320959978340277,learn_only
622,19,0.95,1.0,-1.0333868927395864,learn_only
623,19,0.95,7.39,-1.0359467400610634,learn_only
624,19,0.95,54.6,-1.1370214532561413,learn_only
625,19,0.7,1.0,-0.9100086401925449,plan_only
626,19,0.7725,1.0,-0.8080019645936287,plan_only
627,19,0.845,1.0,-0.7214549879656393,plan_only
628,19,0.9175,1.0,-0.6887686370397056,plan_only
629,19,0.99,1.0,-1.0976929176006127,plan_only
630,20,0.7,0.02,-0.7312021523200763,full
631,20,0.7,0.14,-0.6711467829192912,full
632,20,0.7,1.0,-0.6016327458383015,full
633,20,0.7,7.39,-0.6063546816936742,full
634,20,0.7,54.6,-0.6309820772776702,full
635,20,0.7725,0.02,-0.9044058701317568,full
636,20,0.7725,0.14,-0.8109808102570119,full
637,20,0.7725,1.0,-0.6673974639791218,full
638,20,0.7725,7.39,-0.6095405933316187,full
639,20,0.7725,54.6,-0.617871971004509,full
640,20,0.845,0.02,-1.0926187059367298,full
641,20,0.845,0.14,-0.9866473046327127,full
642,20,0.845,1.0,-0.8110423938603664,full
643,20,0.845,7.39,-0.6875530487707049,full
644,20,0.845,54.6,-0.652075425266333,full
645,20,0.9175,0.02,-1.3008232978508902,full
646,20,0.9175,0.14,-1.2085318631858015,full
647,20,0.9175,1.0,-1.0592338670576726,full
648,20,0.9175,7.39,-0.9139097505540624,full
649,20,0.9175,54.6,-0.8154928741346017,full
650,20,0.99,0.02,-1.9488439206563428,full
651,20,0.99,0.14,-1.9154006350966686,full
652,20,0.99,1.0,-1.8961674882195019,full
653,20,0.99,7.39,-1.8502025132937454,full
654,20,0.99,54.6,-1.7388290779241597,full
655,20,0.95,0.02,-0.8065628831206316,learn_only
656,20,0.95,0.14,-0.7237763590980058,learn_only
657,20,0.95,1.0,-0.6307253338507912,learn_only
658,20,0.95,7.39,-0.617043062553101,learn_only
659,20,0.95,54.6,-0.6933738984962736,learn_only
660,20,0.7,1.0,-0.6408795151365224,plan_only
661,20,0.7725,1.0,-0.6268695550457338,plan_only
662,20,0.845,1.0,-0.6510719885984655,plan_only
663,20,0.9175,1.0,-0.7832071938401335,plan_only
664,20,0.99,1.0,-1.6428920876340811,plan_only
665,21,0.7,0.02,-0.9652770847947432,full
666,21,0.7,0.14,-0.9399796025346954,full
667,21,0.7,1.0,-0.9178127015026742,full
668,21,0.7,7.39,-0.9728251259699257,full
669,21,0.7,54.6,-1.040781364860346,full
670,21,0.7725,0.02,-0.9721744229942303,full
671,21,0.7725,0.14,-0.9186895455029077,full
672,21,0.7725,1.0,-0.8224247126321785,full
673,21,0.7725,7.39,-0.8102799907802071,full
674,21,0.7725,54.6,-0.8785751874704841,full
675,21,0.845,0.02,-1.0052555022993597,full
676,21,0.845,0.14,-0.9353137182993884,full
677,21,0.845,1.0,-0.787337506182984,full
678,21,0.845,7.39,-0.689307799618739,full
679,21,0.845,54.6,-0.7241911018252818,full
680,21,0.9175,0.02,-1.0194790337364235,full
681,21,0.9175,0.14,-0.9415763560165441,full
682,21,0.9175,1.0,-0.7835836775375655,full
683,21,0.9175,7.39,-0.6391335577934145,full
684,21,0.9175,54.6,-0.6091772620674998,full
685,21,0.99,0.02,-1.0612062442187271,full
686,21,0.99,0.14,-1.0035958057458327,full
687,21,0.99,1.0,-0.9518837723192357,full
688,21,0.99,7.39,-0.8799636057663965,full
689,21,0.99,54.6,-0.8066547614471938,full
690,21,0.95,0.02,-1.4555989965636207,learn_only
691,21,0.95,0.14,-1.3737895247008027,learn_only
692,21,0.95,1.0,-1.254007387627175,learn_only
693,21,0.95,7.39,-1.2341674396449485,learn_only
694,21,0.95,54.6,-1.372827534930196,learn_only
695,21,0.7,1.0,-1.067000629808558,plan_only
696,21,0.7725,1.0,-0.9136625368299012,plan_only
697,21,0.845,1.0,-0.7625117375964907,plan_only
698,21,0.9175,1.0,-0.6336794789061225,plan_only
699,21,0.99,1.0,-0.779660068414422,plan_only
700,22,0.7,0.02,-1.0344838451354754,full
701,22,0.7,0.14,-1.005742350999512,full
702,22,0.7,1.0,-0.9741477770111979,full
703,22,0.7,7.39,-1.0266065763308958,full
704,22,0.7,54.6,-1.0891094591263255,full
705,22,0.7725,0.02,-1.0329898844027805,full
706,22,0.7725,0.14,-0.9812659307669609,full
707,22,0.7725,1.0,-0.8768448670050208,full
708,22,0.7725,7.39,-0.8547901331549742,full
709,22,0.7725,54.6,-0.9143466848885261,full
710,22,0.845,0.02,-1.0500606779108006,full
711,22,0.845,0.14,-0.9837335785380867,full
712,22,0.845,1.0,-0.8327898442845546,full
713,22,0.845,7.39,-0.7208107460867309,full
714,22,0.845,54.6,-0.7442924169206048,full
715,22,0.9175,0.02,-1.023626921039574,full
716,22,0.9175,0.14,-0.9564370628152329,full
717,22,0.9175,1.0,-0.8030592129545179,full
718,22,0.9175,7.39,-0.6458369084289078,full
719,22,0.9175,54.6,-0.6051166683545098,full
720,22,0.99,0.02,-0.96278048426027,full
721,22,0.99,0.14,-0.9185593538890362,full
722,22,0.99,1.0,-0.8659980841688316,full
723,22,0.99,7.39,-0.8015973087969556,full
724,22,0.99,54.6,-0.7285248581045943,full
725,22,0.95,0.02,-1.5898317080229012,learn_only
726,22,0.95,0.14,-1.5115959812012647,learn_only
727,22,0.95,1.0,-1.378542205269278,learn_only
728,22,0.95,7.39,-1.3389623288656447,learn_only
729,22,0.95,54.6,-1.4644161869764023,learn_only
730,22,0.7,1.0,-1.1118554839845618,plan_only
731,22,0.7725,1.0,-0.9438512717545502,plan_only
732,22,0.845,1.0,-0.7742422374910195,plan_only
733,22,0.9175,1.0,-0.6179397194393846,plan_only
734,22,0.99,1.0,-0.688793540075511,plan_only
735,23,0.7,0.02,-0.7201589419702263,full
736,23,0.7,0.14,-0.7118601937066836,full
737,23,0.7,1.0,-0.7445007530075131,full
738,23,0.7,7.39,-0.852538433165497,full
739,23,0.7,54.6,-0.9373571779234267,full
740,23,0.7725,0.02,-0.6472215517370151,full
741,23,0.7725,0.14,-0.6339355387085408,full
742,23,0.7725,1.0,-0.6334547132853442,full
743,23,0.7725,7.39,-0.7091524048313811,full
744,23,0.7725,54.6,-0.8066079439475592,full
745,23,0.845,0.02,-0.6446380146991721,full
746,23,0.845,0.14,-0.6264806255825951,full
747,23,0.845,1.0,-0.595214136555804,full
748,23,0.845,7.39,-0.6115342390165793,full
749,23,0.845,54.6,-0.6915547912223794,full
750,23,0.9175,0.02,-0.7104022028420215,full
751,23,0.9175,0.14,-0.6860886542749502,full
752,23,0.9175,1.0,-0.6362618430873468,full
753,23,0.9175,7.39,-0.6053922435651,full
754,23,0.9175,54.6,-0.6351576406512688,full
755,23,0.99,0.02,-1.042142917196856,full
756,23,0.99,0.14,-1.0234743702742486,full
757,23,0.99,1.0,-1.0155927505111149,full
758,23,0.99,7.39,-1.010411144733569,full
759,23,0.99,54.6,-0.9979214243550445,full
760,23,0.95,0.02,-0.9516962046625743,learn_only
761,23,0.95,0.14,-0.9158759117643089,learn_only
762,23,0.95,1.0,-0.88929373014345,learn_only
763,23,0.95,7.39,-0.9751857749356733,learn_only
764,23,0.95,54.6,-1.1825413584268873,learn_only
765,23,0.7,1.0,-0.9660772079125497,plan_only
766,23,0.7725,1.0,-0.8457378832494402,plan_only
767,23,0.845,1.0,-0.7361181128338002,plan_only
768,23,0.9175,1.0,-0.6690939377062831,plan_only
769,23,0.99,1.0,-0.9841097571769734,plan_only
770,24,0.7,0.02,-0.8986811703575442,full
771,24,0.7,0.14,-0.8760059647278281,full
772,24,0.7,1.0,-0.8690873000431113,full
773,24,0.7,7.39,-0.9154502130050703,full
774,24,0.7,54.6,-0.9677346366363906,full
775,24,0.7725,0.02,-0.906865200170154,full
776,24,0.7725,0.14,-0.8540094162767252,full
777,24,0.7725,1.0,-0.7836220483496588,full
778,24,0.7725,7.39,-0.7827207638849247,full
779,24,0.7725,54.6,-0.8339321938089117,full
780,24,0.845,0.02,-0.9465257957792457,full
781,24,0.845,0.14,-0.8743849009163182,full
782,24,0.845,1.0,-0.7581856079478942,full
783,24,0.845,7.39,-0.6925164755227229,full
784,24,0.845,54.6,-0.7148725576631763,full
785,24,0.9175,0.02,-0.9825856712362466,full
786,24,0.9175,0.14,-0.9048250001294805,full
787,24,0.9175,1.0,-0.7853431608546079,full
788,24,0.9175,7.39,-0.6832997946442421,full
789,24,0.9175,54.6,-0.6505601864820137,full
790,24,0.99,0.02,-1.1814341313718786,full
791,24,0.99,0.14,-1.1331433766595114,full
792,24,0.99,1.0,-1.0971451476018435,full
793,24,0.99,7.39,-1.0464346730053893,full
794,24,0.99,54.6,-0.978621325974348,full
795,24,0.95,0.02,-1.2690473491386491,learn_only
796,24,0.95,0.14,-1.201150794091517,learn_only
797,24,0.95,1.0,-1.1265841053109409,learn_only
798,24,0.95,7.39,-1.1323271578452565,learn_only
799,24,0.95,54.6,-1.2568840783152937,learn_only
800,24,0.7,1.0,-0.9885046350005515,plan_only
801,24,0.7725,1.0,-0.8608322507117648,plan_only
802,24,0.845,1.0,-0.7419833627810648,plan_only
803,24,0.9175,1.0,-0.6612240579729141,plan_only
804,24,0.99,1.0,-0.9386764930075179,plan_only
805,25,0.7,0.02,-0.6998059687059871,full
806,25,0.7,0.14,-0.7128655395655321,full
807,25,0.7,1.0,-0.7789398709099397,full
808,25,0.7,7.39,-0.8972402953028136,full
809,25,0.7,54.6,-0.9739850678667616,full
810,25,0.7725,0.02,-0.6273461798731829,full
811,25,0.7725,0.14,-0.6211104211974701,full
812,25,0.7725,1.0,-0.6450675202435388,full
813,25,0.7725,7.39,-0.7415195894694532,full
814,25,0.7725,54.6,-0.832875970928642,full
815,25,0.845,0.02,-0.5960947878783462,full
816,25,0.845,0.14,-0.5791468724537177,full
817,25,0.845,1.0,-0.571117507375753,full
818,25,0.845,7.39,-0.6218980361722657,full
819,25,0.845,54.6,-0.70342614425572,full
820,25,0.9175,0.02,-0.579653269450157,full
821,25,0.9175,0.14,-0.5637386796613861,full
822,25,0.9175,1.0,-0.5547573540864873,full
823,25,0.9175,7.39,-0.5782562195361034,full
824,25,0.9175,54.6,-0.6229734867259348,full
825,25,0.99,0.02,-0.7680445475175749,full
826,25,0.99,0.14,-0.8046882998681777,full
827,25,0.99,1.0,-0.8590678375822612,full
828,25,0.99,7.39,-0.9100400749713421,full
829,25,0.99,54.6,-0.9214999345825892,full
830,25,0.95,0.02,-0.9068226012942849,learn_only
831,25,0.95,0.14,-0.898222237104773,learn_only
832,25,0.95,1.0,-0.9245771381789863,learn_only
833,25,0.95,7.39,-1.0538603655299137,learn_only
834,25,0.95,54.6,-1.2547817672137729,learn_only
835,25,0.7,1.0,-0.9997183485445523,plan_only
836,25,0.7725,1.0,-0.8683794344429273,plan_only
837,25,0.845,1.0,-0.744915987754697,plan_only
838,25,0.9175,1.0,-0.6572891181062296,plan_only
839,25,0.99,1.0,-0.9159598609227899,plan_only
840,26,0.7,0.02,-0.8738001301497349,full
841,26,0.7,0.14,-0.7985898830883263,full
842,26,0.7,1.0,-0.6879797281378413,full
843,26,0.7,7.39,-0.6522688577626997,full
844,26,0.7,54.6,-0.6653573158878113,full
845,26,0.7725,0.02,-1.0886192149559542,full
846,26,0.7725,0.14,-0.9731402510699441,full
847,26,0.7725,1.0,-0.768465017970744,full
848,26,0.7725,7.39,-0.6493939330065114,full
849,26,0.7725,54.6,-0.6411969605758876,full
850,26,0.845,0.02,-1.3251490586510954,full
851,26,0.845,0.14,-1.18544215126745,full
852,26,0.845,1.0,-0.9271961656884062,full
853,26,0.845,7.39,-0.720330556207083,full
854,26,0.845,54.6,-0.660991948248066,full
855,26,0.9175,0.02,-1.569708379149883,full
856,26,0.9175,0.14,-1.424620325867999,full
857,26,0.9175,1.0,-1.1799894118143972,full
858,26,0.9175,7.39,-0.9374137265761646,full
859,26,0.9175,54.6,-0.8025951251656751,full
860,26,0.99,0.02,-2.123761367135608,full
861,26,0.99,0.14,-2.04669628761357,full
862,26,0.99,1.0,-1.9668303743833804,full
863,26,0.99,7.39,-1.8345243240623386,full
864,26,0.99,54.6,-1.670016171873036,full
865,26,0.95,0.02,-1.1598099735619074,learn_only
866,26,0.95,0.14,-1.031482800841506,learn_only
867,26,0.95,1.0,-0.8530111431195102,learn_only
868,26,0.95,7.39,-0.737291315316905,learn_only
869,26,0.95,54.6,-0.7589958984570013,learn_only
870,26,0.7,1.0,-0.6745206557685252,plan_only
871,26,0.7725,1.0,-0.6495111062392207,plan_only
872,26,0.845,1.0,-0.659869863519362,plan_only
873,26,0.9175,1.0,-0.77140237424008,plan_only
874,26,0.99,1.0,-1.5747421913798998,plan_only
875,27,0.7,0.02,-0.7458144677765801,full
876,27,0.7,0.14,-0.7463742446890118,full
877,27,0.7,1.0,-0.7836367235041363,full
878,27,0.7,7.39,-0.8939606385484737,full
879,27,0.7,54.6,-0.9814585528294113,full
880,27,0.7725,0.02,-0.676335671505646,full
881,27,0.7725,0.14,-0.6710129125011428,full
882,27,0.7725,1.0,-0.6678694376983159,full
883,27,0.7725,7.39,-0.7378868012714201,full
884,27,0.7725,54.6,-0.8359742257079305,full
885,27,0.845,0.02,-0.6720962601393959,full
886,27,0.845,0.14,-0.6600006468076195,full
887,27,0.845,1.0,-0.6225798357224678,full
888,27,0.845,7.39,-0.62673846592304,full
889,27,0.845,54.6,-0.7028396698697021,full
890,27,0.9175,0.02,-0.7139395820559382,full
891,27,0.9175,0.14,-0.6931308086364977,full
892,27,0.9175,1.0,-0.6405600796425238,full
893,27,0.9175,7.39,-0.5990500656039129,full
894,27,0.9175,54.6,-0.6203162952712454,full
895,27,0.99,0.02,-0.9299750605887956,full
896,27,0.99,0.14,-0.9265266671561123,full
897,27,0.99,1.0,-0.9293946819492396,full
898,27,0.99,7.39,-0.9278741709452796,full
899,27,0.99,54.6,-0.9103988606199624,full
900,27,0.95,0.02,-1.0535150261698099,learn_only
901,27,0.95,0.14,-1.0201149009099422,learn_only
902,27,0.95,1.0,-0.9894037652128571,learn_only
903,27,0.95,7.39,-1.0603341478120165,learn_only
904,27,0.95,54.6,-1.25927333586429,learn_only
905,27,0.7,1.0,-1.0109320620885534,plan_only
906,27,0.7725,1.0,-0.8759266181740897,plan_only
907,27,0.845,1.0,-0.7478486127283296,plan_only
908,27,0.9175,1.0,-0.653354178239545,plan_only
909,27,0.99,1.0,-0.8932432288380617,plan_only
910,28,0.7,0.02,-0.8778097980912252,full
911,28,0.7,0.14,-0.8591202617635645,full
912,28,0.7,1.0,-0.9097272007041608,full
913,28,0.7,7.39,-1.0650346296207913,full
914,28,0.7,54.6,-1.1755588795212957,full
915,28,0.7725,0.02,-0.7994519996931342,full
916,28,0.7725,0.14,-0.7402609951640875,full
917,28,0.7725,1.0,-0.7070318262583066,full
918,28,0.7725,7.39,-0.825392573653582,full
919,28,0.7725,54.6,-0.959315762057883,full
920,28,0.845,0.02,-0.7223910642433837,full
921,28,0.845,0.14,-0.6412629374116601,full
922,28,0.845,1.0,-0.5562718650440037,full
923,28,0.845,7.39,-0.60944493375259,full
924,28,0.845,54.6,-0.7363558199525448,full
925,28,0.9175,0.02,-0.5723759833094905,full
926,28,0.9175,0.14,-0.49793130190554813,full
927,28,0.9175,1.0,-0.42123920143492716,full
928,28,0.9175,7.39,-0.4337819154163062,full
929,28,0.9175,54.6,-0.5203790789525259,full
930,28,0.99,0.02,-0.38543332868530245,full
931,28,0.99,0.14,-0.3639320092332105,full
932,28,0.99,1.0,-0.37559395780137944,full
933,28,0.99,7.39,-0.41867916820173534,full
934,28,0.99,54.6,-0.46271894584572876,full
935,28,0.95,0.02,-1.2757156649151873,learn_only
936,28,0.95,0.14,-1.2073231205346526,learn_only
937,28,0.95,1.0,-1.1771188822234986,learn_only
938,28,0.95,7.39,-1.3101025382742097,learn_only
939,28,0.95,54.6,-1.5765224528380961,learn_only
940,28,0.7,1.0,-1.2127789058805702,plan_only
941,28,0.7725,1.0,-1.011775925335011,plan_only
942,28,0.845,1.0,-0.80063586225371,plan_only
943,28,0.9175,1.0,-0.582525260639224,plan_only
944,28,0.99,1.0,-0.4843438513129595,plan_only
945,29,0.7,0.02,-0.7632555195339786,full
946,29,0.7,0.14,-0.7697830083036707,full
947,29,0.7,1.0,-0.8238175455510209,full
948,29,0.7,7.39,-0.9464058425424386,full
949,29,0.7,54.6,-1.0446956984365068,full
950,29,0.7725,0.02,-0.6712207449551009,full
951,29,0.7725,0.14,-0.65655394047197,full
952,29,0.7725,1.0,-0.6674284044090288,full
953,29,0.7725,7.39,-0.7611497455835134,full
954,29,0.7725,54.6,-0.8751233778867048,full
955,29,0.845,0.02,-0.6204642641151328,full
956,29,0.845,0.14,-0.5961775772363728,full
957,29,0.845,1.0,-0.5744971449092287,full
958,29,0.845,7.39,-0.6134849823867201,full
959,29,0.845,54.6,-0.7117401073652536,full
960,29,0.9175,0.02,-0.5883689566936543,full
961,29,0.9175,0.14,-0.5676989892952492,full
962,29,0.9175,1.0,-0.5373187808762601,full
963,29,0.9175,7.39,-0.5342200425753754,full
964,29,0.9175,54.6,-0.5847999203121488,full
965,29,0.99,0.02,-0.7015390209404867,full
966,29,0.99,0.14,-0.6928204517521663,full
967,29,0.99,1.0,-0.7064272148568348,full
968,29,0.99,7.39,-0.742019659478054,full
969,29,0.99,54.6,-0.7588182957954522,full
970,29,0.95,0.02,-1.0613786718143297,learn_only
971,29,0.95,0.14,-1.0387087595716458,learn_only
972,29,0.95,1.0,-1.0223500772368563,learn_only
973,29,0.95,7.39,-1.1234008837507456,learn_only
974,29,0.95,54.6,-1.357919600629399,learn_only
975,29,0.7,1.0,-1.078214343352559,plan_only
976,29,0.7725,1.0,-0.9212097205610634,plan_only
977,29,0.845,1.0,-0.7654443625701228,plan_only
978,29,0.9175,1.0,-0.6297445390394382,plan_only
979,29,0.99,1.0,-0.7569434363296941,plan_only
980,30,0.7,0.02,-0.730530475454643,full
981,30,0.7,0.14,-0.7362226768944309,full
982,30,0.7,1.0,-0.7816098226715786,full
983,30,0.7,7.39,-0.9025414515029002,full
984,30,0.7,54.6,-1.006520084987185,full
985,30,0.7725,0.02,-0.5923184018163857,full
986,30,0.7725,0.14,-0.5856390747726794,full
987,30,0.7725,1.0,-0.6039990164292467,full
988,30,0.7725,7.39,-0.716739097305837,full
989,30,0.7725,54.6,-0.8449988261542666,full
990,30,0.845,0.02,-0.5027037208946712,full
991,30,0.845,0.14,-0.488817730720921,full
992,30,0.845,1.0,-0.4850691048124566,full
993,30,0.845,7.39,-0.5650207783943685,full
994,30,0.845,54.6,-0.6911906998197748,full
995,30,0.9175,0.02,-0.4410544742528697,full
996,30,0.9175,0.14,-0.43034485366217823,full
997,30,0.9175,1.0,-0.4296697196995066,full
998,30,0.9175,7.39,-0.4852627586749752,full
999,30,0.9175,54.6,-0.5788101681298333,full
1000,30,0.99,0.02,-0.5524196880466462,full
1001,30,0.99,0.14,-0.5971102499181006,full
1002,30,0.99,1.0,-0.6663995902365916,full
1003,30,0.99,7.39,-0.7463339752640473,full
1004,30,0.99,54.6,-0.8045831931808536,full
1005,30,0.95,0.02,-0.8569106228283655,learn_only
1006,30,0.95,0.14,-0.835224853371264,learn_only
1007,30,0.95,1.0,-0.8466372032163012,learn_only
1008,30,0.95,7.39,-1.0024584475953968,learn_only
1009,30,0.95,54.6,-1.2781749753799634,learn_only
1010,30,0.7,1.0,-1.044573202720556,plan_only
1011,30,0.7725,1.0,-0.8985681693675766,plan_only
1012,30,0.845,1.0,-0.756646487649226,plan_only
1013,30,0.9175,1.0,-0.6415493586394916,plan_only
1014,30,0.99,1.0,-0.8250933325838778,plan_only
