"X","trial","trial_reward","total_reward","optimal_path","chosen_path","habit_path","distance","optimality","habit_test_trial","n_habit_test_trial","id"
0,0,14,14,4,0,5,1,FALSE,0,0,1
1,1,16,30,6,7,5,2,FALSE,0,0,1
2,2,7,37,5,7,5,0,FALSE,0,0,1
3,3,23,60,5,5,5,0,TRUE,0,0,1
4,4,19,79,4,5,5,1,FALSE,0,0,1
5,5,9,88,2,2,5,3,TRUE,0,0,1
6,6,9,97,5,4,5,0,FALSE,0,0,1
7,7,19,116,5,5,5,0,TRUE,0,0,1
8,8,22,138,4,4,5,1,TRUE,0,0,1
9,9,9,147,5,2,5,0,FALSE,0,0,1
10,10,13,160,7,5,5,2,FALSE,0,0,1
11,11,18,178,2,4,5,3,FALSE,0,0,1
12,12,20,198,5,4,5,0,FALSE,0,0,1
13,13,23,221,5,5,5,0,TRUE,0,0,1
14,14,22,243,5,5,5,0,TRUE,0,0,1
15,15,14,257,7,4,5,2,FALSE,0,0,1
16,16,17,274,5,4,5,0,FALSE,0,0,1
17,17,22,296,1,1,5,3,TRUE,0,0,1
18,18,20,316,5,5,5,0,TRUE,0,0,1
19,19,21,337,7,6,5,2,FALSE,0,0,1
20,20,14,351,5,3,5,0,FALSE,1,1,1
21,21,21,372,6,6,5,2,TRUE,0,0,1
22,22,10,382,5,5,5,0,TRUE,0,0,1
23,23,15,397,5,5,5,0,TRUE,0,0,1
24,24,8,405,1,6,5,3,FALSE,0,0,1
25,25,9,414,7,7,5,2,TRUE,0,0,1
26,26,18,432,5,5,5,0,TRUE,0,0,1
27,27,9,441,1,1,5,3,TRUE,0,0,1
28,28,14,455,5,5,5,0,TRUE,0,0,1
29,29,16,471,5,5,5,0,TRUE,0,0,1
30,30,17,488,5,5,5,0,TRUE,0,0,1
31,31,17,505,4,0,5,1,FALSE,0,0,1
32,32,17,522,4,5,5,1,FALSE,0,0,1
33,33,16,538,1,7,5,3,FALSE,0,0,1
34,34,16,554,5,5,5,0,TRUE,0,0,1
35,35,8,562,4,4,5,1,TRUE,0,0,1
36,36,15,577,7,7,5,2,TRUE,0,0,1
37,37,18,595,5,5,5,0,TRUE,0,0,1
38,38,12,607,4,5,5,1,FALSE,0,0,1
39,39,17,624,5,5,5,0,TRUE,0,0,1
40,40,17,641,6,6,5,2,TRUE,0,0,1
41,41,25,666,4,4,5,1,TRUE,0,0,1
42,42,18,684,6,6,5,2,TRUE,0,0,1
43,43,3,687,5,2,5,0,FALSE,1,2,1
44,44,16,703,5,5,5,0,TRUE,0,0,1
45,45,21,724,5,5,5,0,TRUE,0,0,1
46,46,17,741,3,0,5,3,FALSE,0,0,1
47,47,19,760,6,6,5,2,TRUE,0,0,1
48,48,22,782,5,5,5,0,TRUE,0,0,1
49,49,20,802,2,5,5,3,FALSE,0,0,1
50,50,9,811,2,0,5,3,FALSE,0,0,1
51,51,7,818,5,6,5,0,FALSE,0,0,1
52,52,23,841,4,4,5,1,TRUE,0,0,1
53,53,22,863,6,6,5,2,TRUE,0,0,1
54,54,15,878,6,6,5,2,TRUE,0,0,1
55,55,15,893,4,4,5,1,TRUE,0,0,1
56,56,13,906,3,0,5,3,FALSE,0,0,1
57,57,14,920,2,6,5,3,FALSE,0,0,1
58,58,17,937,5,5,5,0,TRUE,0,0,1
59,59,19,956,5,5,5,0,TRUE,0,0,1
60,60,13,969,5,5,5,0,TRUE,1,3,1
61,61,16,985,5,5,5,0,TRUE,0,0,1
62,62,20,1005,5,5,5,0,TRUE,0,0,1
63,63,18,1023,5,5,5,0,TRUE,0,0,1
64,64,17,1040,5,5,5,0,TRUE,0,0,1
65,65,21,1061,4,4,5,1,TRUE,0,0,1
66,66,18,1079,5,5,5,0,TRUE,0,0,1
67,67,19,1098,6,6,5,2,TRUE,0,0,1
68,68,12,1110,5,5,5,0,TRUE,0,0,1
69,69,19,1129,6,6,5,2,TRUE,0,0,1
70,70,11,1140,2,5,5,3,FALSE,0,0,1
71,71,8,1148,5,5,5,0,TRUE,0,0,1
72,72,13,1161,3,2,5,3,FALSE,0,0,1
73,73,21,1182,5,5,5,0,TRUE,0,0,1
74,74,19,1201,2,0,5,3,FALSE,0,0,1
75,75,16,1217,4,4,5,1,TRUE,0,0,1
76,76,17,1234,6,7,5,2,FALSE,0,0,1
77,77,12,1246,2,5,5,3,FALSE,0,0,1
78,78,14,1260,5,5,5,0,TRUE,0,0,1
79,79,20,1280,5,5,5,0,TRUE,0,0,1
80,80,17,1297,3,0,5,3,FALSE,0,0,1
81,81,19,1316,5,5,5,0,TRUE,1,4,1
82,82,13,1329,5,5,5,0,TRUE,0,0,1
83,83,18,1347,5,5,5,0,TRUE,0,0,1
84,84,15,1362,5,5,5,0,TRUE,0,0,1
85,85,16,1378,5,5,5,0,TRUE,0,0,1
86,86,19,1397,4,4,5,1,TRUE,0,0,1
87,87,15,1412,4,4,5,1,TRUE,0,0,1
88,88,19,1431,4,4,5,1,TRUE,0,0,1
89,89,10,1441,5,5,5,0,TRUE,0,0,1
90,90,14,1455,5,5,5,0,TRUE,0,0,1
91,91,9,1464,5,5,5,0,TRUE,0,0,1
92,92,22,1486,5,5,5,0,TRUE,0,0,1
93,93,18,1504,5,5,5,0,TRUE,0,0,1
94,94,13,1517,4,4,5,1,TRUE,0,0,1
95,95,16,1533,6,6,5,2,TRUE,0,0,1
96,96,14,1547,4,4,5,1,TRUE,0,0,1
97,97,14,1561,5,5,5,0,TRUE,0,0,1
98,98,8,1569,5,5,5,0,TRUE,0,0,1
99,99,15,1584,6,6,5,2,TRUE,0,0,1
0,0,19,19,4,1,4,0,FALSE,0,0,10
1,1,19,38,4,4,4,0,TRUE,0,0,10
2,2,13,51,5,5,4,1,TRUE,0,0,10
3,3,13,64,7,0,4,2,FALSE,0,0,10
4,4,19,83,2,2,4,3,TRUE,0,0,10
5,5,21,104,5,5,4,1,TRUE,0,0,10
6,6,12,116,4,4,4,0,TRUE,0,0,10
7,7,18,134,4,4,4,0,TRUE,0,0,10
8,8,11,145,4,4,4,0,TRUE,0,0,10
9,9,18,163,5,5,4,1,TRUE,0,0,10
10,10,15,178,3,0,4,3,FALSE,0,0,10
11,11,12,190,4,4,4,0,TRUE,0,0,10
12,12,17,207,4,4,4,0,TRUE,0,0,10
13,13,20,227,4,4,4,0,TRUE,0,0,10
14,14,22,249,5,5,4,1,TRUE,0,0,10
15,15,13,262,5,5,4,1,TRUE,0,0,10
16,16,12,274,3,2,4,3,FALSE,0,0,10
17,17,21,295,5,4,4,1,FALSE,0,0,10
18,18,18,313,4,4,4,0,TRUE,0,0,10
19,19,22,335,7,4,4,2,FALSE,0,0,10
20,20,12,347,4,2,4,0,FALSE,1,1,10
21,21,10,357,4,4,4,0,TRUE,0,0,10
22,22,17,374,1,1,4,3,TRUE,0,0,10
23,23,17,391,4,4,4,0,TRUE,0,0,10
24,24,18,409,5,5,4,1,TRUE,0,0,10
25,25,12,421,7,7,4,2,TRUE,0,0,10
26,26,13,434,4,4,4,0,TRUE,0,0,10
27,27,16,450,4,4,4,0,TRUE,0,0,10
28,28,9,459,4,4,4,0,TRUE,0,0,10
29,29,17,476,6,6,4,2,TRUE,0,0,10
30,30,12,488,4,4,4,0,TRUE,0,0,10
31,31,16,504,4,4,4,0,TRUE,0,0,10
32,32,23,527,4,4,4,0,TRUE,0,0,10
33,33,14,541,6,2,4,2,FALSE,0,0,10
34,34,17,558,4,4,4,0,TRUE,0,0,10
35,35,15,573,5,4,4,1,FALSE,0,0,10
36,36,12,585,4,4,4,0,TRUE,0,0,10
37,37,17,602,7,5,4,2,FALSE,0,0,10
38,38,19,621,6,5,4,2,FALSE,0,0,10
39,39,7,628,1,0,4,3,FALSE,0,0,10
40,40,16,644,3,2,4,3,FALSE,0,0,10
41,41,9,653,2,7,4,3,FALSE,0,0,10
42,42,18,671,1,1,4,3,TRUE,0,0,10
43,43,16,687,1,2,4,3,FALSE,0,0,10
44,44,14,701,4,6,4,0,FALSE,1,2,10
45,45,18,719,2,0,4,3,FALSE,0,0,10
46,46,15,734,6,5,4,2,FALSE,0,0,10
47,47,11,745,4,4,4,0,TRUE,0,0,10
48,48,15,760,2,2,4,3,TRUE,0,0,10
49,49,17,777,4,4,4,0,TRUE,0,0,10
50,50,15,792,5,5,4,1,TRUE,0,0,10
51,51,15,807,4,4,4,0,TRUE,0,0,10
52,52,20,827,6,6,4,2,TRUE,0,0,10
53,53,9,836,4,4,4,0,TRUE,0,0,10
54,54,16,852,4,4,4,0,TRUE,0,0,10
55,55,16,868,5,5,4,1,TRUE,0,0,10
56,56,18,886,6,6,4,2,TRUE,0,0,10
57,57,13,899,4,4,4,0,TRUE,0,0,10
58,58,7,906,3,7,4,3,FALSE,0,0,10
59,59,22,928,5,5,4,1,TRUE,0,0,10
60,60,7,935,4,3,4,0,FALSE,1,3,10
61,61,17,952,4,4,4,0,TRUE,0,0,10
62,62,17,969,4,4,4,0,TRUE,0,0,10
63,63,20,989,6,7,4,2,FALSE,0,0,10
64,64,16,1005,5,5,4,1,TRUE,0,0,10
65,65,13,1018,4,4,4,0,TRUE,0,0,10
66,66,19,1037,6,6,4,2,TRUE,0,0,10
67,67,19,1056,4,4,4,0,TRUE,0,0,10
68,68,12,1068,4,4,4,0,TRUE,0,0,10
69,69,11,1079,4,4,4,0,TRUE,0,0,10
70,70,26,1105,6,6,4,2,TRUE,0,0,10
71,71,18,1123,4,4,4,0,TRUE,0,0,10
72,72,15,1138,3,1,4,3,FALSE,0,0,10
73,73,15,1153,6,6,4,2,TRUE,0,0,10
74,74,10,1163,4,4,4,0,TRUE,0,0,10
75,75,21,1184,4,4,4,0,TRUE,0,0,10
76,76,10,1194,4,4,4,0,TRUE,0,0,10
77,77,15,1209,6,6,4,2,TRUE,0,0,10
78,78,16,1225,1,1,4,3,TRUE,0,0,10
79,79,22,1247,6,6,4,2,TRUE,0,0,10
80,80,5,1252,4,3,4,0,FALSE,1,4,10
81,81,20,1272,5,5,4,1,TRUE,0,0,10
82,82,21,1293,4,1,4,0,FALSE,0,0,10
83,83,12,1305,4,4,4,0,TRUE,0,0,10
84,84,20,1325,4,4,4,0,TRUE,0,0,10
85,85,16,1341,4,4,4,0,TRUE,0,0,10
86,86,15,1356,4,4,4,0,TRUE,0,0,10
87,87,11,1367,6,7,4,2,FALSE,0,0,10
88,88,15,1382,5,5,4,1,TRUE,0,0,10
89,89,17,1399,5,5,4,1,TRUE,0,0,10
90,90,13,1412,2,0,4,3,FALSE,0,0,10
91,91,21,1433,4,1,4,0,FALSE,0,0,10
92,92,8,1441,4,4,4,0,TRUE,0,0,10
93,93,13,1454,5,5,4,1,TRUE,0,0,10
94,94,23,1477,5,5,4,1,TRUE,0,0,10
95,95,21,1498,4,4,4,0,TRUE,0,0,10
96,96,17,1515,4,4,4,0,TRUE,0,0,10
97,97,13,1528,4,4,4,0,TRUE,0,0,10
98,98,14,1542,5,5,4,1,TRUE,0,0,10
99,99,17,1559,4,4,4,0,TRUE,0,0,10
0,0,11,11,1,0,2,2,FALSE,0,0,11
1,1,10,21,3,0,2,1,FALSE,0,0,11
2,2,17,38,0,0,2,2,TRUE,0,0,11
3,3,12,50,2,2,2,0,TRUE,0,0,11
4,4,6,56,1,2,2,2,FALSE,0,0,11
5,5,12,68,2,2,2,0,TRUE,0,0,11
6,6,14,82,2,2,2,0,TRUE,0,0,11
7,7,21,103,2,0,2,0,FALSE,0,0,11
8,8,11,114,2,0,2,0,FALSE,0,0,11
9,9,14,128,3,0,2,1,FALSE,0,0,11
10,10,15,143,6,6,2,3,TRUE,0,0,11
11,11,19,162,3,0,2,1,FALSE,0,0,11
12,12,17,179,7,7,2,3,TRUE,0,0,11
13,13,8,187,7,6,2,3,FALSE,0,0,11
14,14,19,206,2,2,2,0,TRUE,0,0,11
15,15,15,221,2,2,2,0,TRUE,0,0,11
16,16,19,240,0,0,2,2,TRUE,0,0,11
17,17,12,252,2,2,2,0,TRUE,0,0,11
18,18,20,272,3,0,2,1,FALSE,0,0,11
19,19,7,279,2,3,2,0,FALSE,0,0,11
20,20,14,293,3,3,2,1,TRUE,0,0,11
21,21,18,311,3,2,2,1,FALSE,0,0,11
22,22,11,322,2,7,2,0,FALSE,1,1,11
23,23,17,339,1,0,2,2,FALSE,0,0,11
24,24,20,359,4,0,2,3,FALSE,0,0,11
25,25,14,373,2,6,2,0,FALSE,0,0,11
26,26,22,395,0,0,2,2,TRUE,0,0,11
27,27,17,412,2,2,2,0,TRUE,0,0,11
28,28,15,427,2,3,2,0,FALSE,0,0,11
29,29,9,436,2,2,2,0,TRUE,0,0,11
30,30,17,453,2,2,2,0,TRUE,0,0,11
31,31,20,473,5,4,2,3,FALSE,0,0,11
32,32,7,480,1,7,2,2,FALSE,0,0,11
33,33,10,490,4,4,2,3,TRUE,0,0,11
34,34,16,506,2,7,2,0,FALSE,0,0,11
35,35,7,513,2,5,2,0,FALSE,0,0,11
36,36,13,526,2,4,2,0,FALSE,0,0,11
37,37,20,546,5,2,2,3,FALSE,0,0,11
38,38,12,558,2,2,2,0,TRUE,0,0,11
39,39,16,574,2,2,2,0,TRUE,0,0,11
40,40,25,599,1,1,2,2,TRUE,0,0,11
41,41,12,611,2,0,2,0,FALSE,1,2,11
42,42,11,622,2,3,2,0,FALSE,0,0,11
43,43,22,644,2,2,2,0,TRUE,0,0,11
44,44,20,664,2,2,2,0,TRUE,0,0,11
45,45,16,680,2,5,2,0,FALSE,0,0,11
46,46,18,698,6,7,2,3,FALSE,0,0,11
47,47,17,715,4,4,2,3,TRUE,0,0,11
48,48,15,730,2,3,2,0,FALSE,0,0,11
49,49,18,748,3,3,2,1,TRUE,0,0,11
50,50,12,760,1,2,2,2,FALSE,0,0,11
51,51,16,776,2,2,2,0,TRUE,0,0,11
52,52,15,791,6,6,2,3,TRUE,0,0,11
53,53,14,805,2,0,2,0,FALSE,0,0,11
54,54,15,820,3,5,2,1,FALSE,0,0,11
55,55,18,838,3,3,2,1,TRUE,0,0,11
56,56,21,859,2,2,2,0,TRUE,0,0,11
57,57,23,882,6,7,2,3,FALSE,0,0,11
58,58,23,905,4,4,2,3,TRUE,0,0,11
59,59,16,921,5,5,2,3,TRUE,0,0,11
60,60,9,930,2,0,2,0,FALSE,1,3,11
61,61,16,946,2,6,2,0,FALSE,0,0,11
62,62,15,961,4,4,2,3,TRUE,0,0,11
63,63,9,970,3,5,2,1,FALSE,0,0,11
64,64,13,983,2,2,2,0,TRUE,0,0,11
65,65,15,998,2,2,2,0,TRUE,0,0,11
66,66,19,1017,3,3,2,1,TRUE,0,0,11
67,67,11,1028,2,2,2,0,TRUE,0,0,11
68,68,19,1047,2,2,2,0,TRUE,0,0,11
69,69,17,1064,3,3,2,1,TRUE,0,0,11
70,70,13,1077,2,2,2,0,TRUE,0,0,11
71,71,16,1093,1,2,2,2,FALSE,0,0,11
72,72,14,1107,1,1,2,2,TRUE,0,0,11
73,73,14,1121,2,2,2,0,TRUE,0,0,11
74,74,25,1146,2,2,2,0,TRUE,0,0,11
75,75,11,1157,6,5,2,3,FALSE,0,0,11
76,76,14,1171,1,1,2,2,TRUE,0,0,11
77,77,17,1188,3,2,2,1,FALSE,0,0,11
78,78,9,1197,4,3,2,3,FALSE,0,0,11
79,79,12,1209,2,2,2,0,TRUE,0,0,11
80,80,7,1216,2,5,2,0,FALSE,1,4,11
81,81,19,1235,2,2,2,0,TRUE,0,0,11
82,82,17,1252,1,1,2,2,TRUE,0,0,11
83,83,23,1275,1,1,2,2,TRUE,0,0,11
84,84,9,1284,2,2,2,0,TRUE,0,0,11
85,85,15,1299,2,2,2,0,TRUE,0,0,11
86,86,21,1320,3,3,2,1,TRUE,0,0,11
87,87,17,1337,4,4,2,3,TRUE,0,0,11
88,88,22,1359,2,2,2,0,TRUE,0,0,11
89,89,18,1377,1,1,2,2,TRUE,0,0,11
90,90,23,1400,2,2,2,0,TRUE,0,0,11
91,91,24,1424,1,1,2,2,TRUE,0,0,11
92,92,11,1435,2,2,2,0,TRUE,0,0,11
93,93,18,1453,2,2,2,0,TRUE,0,0,11
94,94,17,1470,3,3,2,1,TRUE,0,0,11
95,95,20,1490,2,2,2,0,TRUE,0,0,11
96,96,16,1506,3,3,2,1,TRUE,0,0,11
97,97,23,1529,2,2,2,0,TRUE,0,0,11
98,98,26,1555,1,1,2,2,TRUE,0,0,11
99,99,17,1572,2,2,2,0,TRUE,0,0,11
0,0,18,18,4,7,5,1,FALSE,0,0,12
1,1,17,35,4,7,5,1,FALSE,0,0,12
2,2,15,50,5,7,5,0,FALSE,0,0,12
3,3,22,72,5,5,5,0,TRUE,0,0,12
4,4,8,80,7,7,5,2,TRUE,0,0,12
5,5,11,91,0,0,5,3,TRUE,0,0,12
6,6,21,112,5,5,5,0,TRUE,0,0,12
7,7,22,134,5,5,5,0,TRUE,0,0,12
8,8,20,154,7,7,5,2,TRUE,0,0,12
9,9,10,164,7,7,5,2,TRUE,0,0,12
10,10,15,179,5,5,5,0,TRUE,0,0,12
11,11,22,201,5,5,5,0,TRUE,0,0,12
12,12,13,214,6,7,5,2,FALSE,0,0,12
13,13,21,235,5,5,5,0,TRUE,0,0,12
14,14,13,248,0,0,5,3,TRUE,0,0,12
15,15,18,266,5,7,5,0,FALSE,0,0,12
16,16,21,287,5,5,5,0,TRUE,0,0,12
17,17,21,308,5,5,5,0,TRUE,0,0,12
18,18,19,327,5,5,5,0,TRUE,0,0,12
19,19,11,338,5,5,5,0,TRUE,0,0,12
20,20,11,349,1,0,5,3,FALSE,0,0,12
21,21,16,365,5,7,5,0,FALSE,1,1,12
22,22,19,384,5,5,5,0,TRUE,0,0,12
23,23,19,403,5,5,5,0,TRUE,0,0,12
24,24,19,422,6,7,5,2,FALSE,0,0,12
25,25,10,432,5,5,5,0,TRUE,0,0,12
26,26,23,455,7,7,5,2,TRUE,0,0,12
27,27,15,470,5,5,5,0,TRUE,0,0,12
28,28,22,492,5,5,5,0,TRUE,0,0,12
29,29,16,508,7,7,5,2,TRUE,0,0,12
30,30,7,515,6,0,5,2,FALSE,0,0,12
31,31,17,532,7,7,5,2,TRUE,0,0,12
32,32,15,547,5,5,5,0,TRUE,0,0,12
33,33,18,565,4,7,5,1,FALSE,0,0,12
34,34,7,572,4,5,5,1,FALSE,0,0,12
35,35,11,583,0,0,5,3,TRUE,0,0,12
36,36,7,590,4,5,5,1,FALSE,0,0,12
37,37,13,603,4,4,5,1,TRUE,0,0,12
38,38,15,618,5,5,5,0,TRUE,0,0,12
39,39,16,634,4,4,5,1,TRUE,0,0,12
40,40,22,656,6,7,5,2,FALSE,0,0,12
41,41,4,660,5,4,5,0,FALSE,1,2,12
42,42,15,675,3,0,5,3,FALSE,0,0,12
43,43,19,694,5,5,5,0,TRUE,0,0,12
44,44,13,707,5,5,5,0,TRUE,0,0,12
45,45,21,728,6,7,5,2,FALSE,0,0,12
46,46,24,752,4,4,5,1,TRUE,0,0,12
47,47,12,764,5,5,5,0,TRUE,0,0,12
48,48,9,773,5,5,5,0,TRUE,0,0,12
49,49,20,793,5,5,5,0,TRUE,0,0,12
50,50,24,817,5,5,5,0,TRUE,0,0,12
51,51,17,834,5,5,5,0,TRUE,0,0,12
52,52,26,860,4,4,5,1,TRUE,0,0,12
53,53,17,877,6,7,5,2,FALSE,0,0,12
54,54,11,888,5,5,5,0,TRUE,0,0,12
55,55,21,909,5,5,5,0,TRUE,0,0,12
56,56,21,930,5,5,5,0,TRUE,0,0,12
57,57,16,946,6,7,5,2,FALSE,0,0,12
58,58,14,960,5,5,5,0,TRUE,0,0,12
59,59,22,982,4,4,5,1,TRUE,0,0,12
60,60,18,1000,5,5,5,0,TRUE,1,3,12
61,61,25,1025,4,4,5,1,TRUE,0,0,12
62,62,22,1047,5,5,5,0,TRUE,0,0,12
63,63,11,1058,5,5,5,0,TRUE,0,0,12
64,64,14,1072,5,5,5,0,TRUE,0,0,12
65,65,19,1091,6,6,5,2,TRUE,0,0,12
66,66,14,1105,5,5,5,0,TRUE,0,0,12
67,67,8,1113,5,5,5,0,TRUE,0,0,12
68,68,14,1127,6,6,5,2,TRUE,0,0,12
69,69,22,1149,4,4,5,1,TRUE,0,0,12
70,70,10,1159,3,6,5,3,FALSE,0,0,12
71,71,19,1178,3,5,5,3,FALSE,0,0,12
72,72,13,1191,2,2,5,3,TRUE,0,0,12
73,73,10,1201,1,2,5,3,FALSE,0,0,12
74,74,14,1215,6,7,5,2,FALSE,0,0,12
75,75,13,1228,5,5,5,0,TRUE,0,0,12
76,76,10,1238,3,1,5,3,FALSE,0,0,12
77,77,9,1247,5,5,5,0,TRUE,0,0,12
78,78,20,1267,2,4,5,3,FALSE,0,0,12
79,79,19,1286,5,5,5,0,TRUE,0,0,12
80,80,19,1305,6,7,5,2,FALSE,0,0,12
81,81,8,1313,5,5,5,0,TRUE,1,4,12
82,82,13,1326,4,4,5,1,TRUE,0,0,12
83,83,19,1345,6,6,5,2,TRUE,0,0,12
84,84,11,1356,5,5,5,0,TRUE,0,0,12
85,85,21,1377,2,2,5,3,TRUE,0,0,12
86,86,12,1389,4,6,5,1,FALSE,0,0,12
87,87,21,1410,5,5,5,0,TRUE,0,0,12
88,88,22,1432,5,5,5,0,TRUE,0,0,12
89,89,25,1457,4,4,5,1,TRUE,0,0,12
90,90,14,1471,5,5,5,0,TRUE,0,0,12
91,91,19,1490,4,4,5,1,TRUE,0,0,12
92,92,21,1511,4,4,5,1,TRUE,0,0,12
93,93,17,1528,2,2,5,3,TRUE,0,0,12
94,94,14,1542,2,2,5,3,TRUE,0,0,12
95,95,13,1555,5,5,5,0,TRUE,0,0,12
96,96,13,1568,5,5,5,0,TRUE,0,0,12
97,97,16,1584,5,5,5,0,TRUE,0,0,12
98,98,16,1600,5,5,5,0,TRUE,0,0,12
99,99,17,1617,6,6,5,2,TRUE,0,0,12
0,0,8,8,0,5,3,2,FALSE,0,0,13
1,1,14,22,3,0,3,0,FALSE,0,0,13
2,2,20,42,3,0,3,0,FALSE,0,0,13
3,3,14,56,3,7,3,0,FALSE,0,0,13
4,4,14,70,2,0,3,1,FALSE,0,0,13
5,5,13,83,3,3,3,0,TRUE,0,0,13
6,6,12,95,3,7,3,0,FALSE,0,0,13
7,7,19,114,4,4,3,3,TRUE,0,0,13
8,8,19,133,3,3,3,0,TRUE,0,0,13
9,9,13,146,2,5,3,1,FALSE,0,0,13
10,10,21,167,3,0,3,0,FALSE,0,0,13
11,11,13,180,1,2,3,2,FALSE,0,0,13
12,12,20,200,0,0,3,2,TRUE,0,0,13
13,13,18,218,3,7,3,0,FALSE,0,0,13
14,14,14,232,2,2,3,1,TRUE,0,0,13
15,15,17,249,0,0,3,2,TRUE,0,0,13
16,16,20,269,3,3,3,0,TRUE,0,0,13
17,17,11,280,0,5,3,2,FALSE,0,0,13
18,18,13,293,4,4,3,3,TRUE,0,0,13
19,19,13,306,7,0,3,3,FALSE,0,0,13
20,20,18,324,5,5,3,3,TRUE,0,0,13
21,21,20,344,5,5,3,3,TRUE,0,0,13
22,22,18,362,3,5,3,0,FALSE,1,1,13
23,23,23,385,3,3,3,0,TRUE,0,0,13
24,24,12,397,3,5,3,0,FALSE,0,0,13
25,25,18,415,3,4,3,0,FALSE,0,0,13
26,26,11,426,4,0,3,3,FALSE,0,0,13
27,27,14,440,3,0,3,0,FALSE,0,0,13
28,28,10,450,3,5,3,0,FALSE,0,0,13
29,29,11,461,1,4,3,2,FALSE,0,0,13
30,30,20,481,3,2,3,0,FALSE,0,0,13
31,31,10,491,2,0,3,1,FALSE,0,0,13
32,32,13,504,3,3,3,0,TRUE,0,0,13
33,33,12,516,3,1,3,0,FALSE,0,0,13
34,34,10,526,1,2,3,2,FALSE,0,0,13
35,35,11,537,3,7,3,0,FALSE,0,0,13
36,36,8,545,7,0,3,3,FALSE,0,0,13
37,37,14,559,1,1,3,2,TRUE,0,0,13
38,38,12,571,2,0,3,1,FALSE,0,0,13
39,39,13,584,3,5,3,0,FALSE,0,0,13
40,40,18,602,2,3,3,1,FALSE,0,0,13
41,41,16,618,6,4,3,3,FALSE,0,0,13
42,42,8,626,3,7,3,0,FALSE,1,2,13
43,43,17,643,2,0,3,1,FALSE,0,0,13
44,44,22,665,3,3,3,0,TRUE,0,0,13
45,45,22,687,3,3,3,0,TRUE,0,0,13
46,46,27,714,2,2,3,1,TRUE,0,0,13
47,47,11,725,2,1,3,1,FALSE,0,0,13
48,48,14,739,4,4,3,3,TRUE,0,0,13
49,49,19,758,3,2,3,0,FALSE,0,0,13
50,50,10,768,5,0,3,3,FALSE,0,0,13
51,51,12,780,3,7,3,0,FALSE,0,0,13
52,52,8,788,3,0,3,0,FALSE,0,0,13
53,53,8,796,3,1,3,0,FALSE,0,0,13
54,54,20,816,1,1,3,2,TRUE,0,0,13
55,55,18,834,1,0,3,2,FALSE,0,0,13
56,56,13,847,2,0,3,1,FALSE,0,0,13
57,57,18,865,3,5,3,0,FALSE,0,0,13
58,58,22,887,3,3,3,0,TRUE,0,0,13
59,59,11,898,3,5,3,0,FALSE,0,0,13
60,60,21,919,2,3,3,1,FALSE,0,0,13
61,61,16,935,1,1,3,2,TRUE,0,0,13
62,62,19,954,4,4,3,3,TRUE,0,0,13
63,63,13,967,3,0,3,0,FALSE,1,3,13
64,64,12,979,6,4,3,3,FALSE,0,0,13
65,65,22,1001,2,2,3,1,TRUE,0,0,13
66,66,21,1022,3,3,3,0,TRUE,0,0,13
67,67,18,1040,5,4,3,3,FALSE,0,0,13
68,68,13,1053,3,0,3,0,FALSE,0,0,13
69,69,9,1062,3,3,3,0,TRUE,0,0,13
70,70,17,1079,1,1,3,2,TRUE,0,0,13
71,71,18,1097,6,4,3,3,FALSE,0,0,13
72,72,21,1118,1,1,3,2,TRUE,0,0,13
73,73,21,1139,3,7,3,0,FALSE,0,0,13
74,74,13,1152,1,1,3,2,TRUE,0,0,13
75,75,14,1166,6,6,3,3,TRUE,0,0,13
76,76,18,1184,3,3,3,0,TRUE,0,0,13
77,77,18,1202,3,0,3,0,FALSE,0,0,13
78,78,20,1222,3,3,3,0,TRUE,0,0,13
79,79,21,1243,2,2,3,1,TRUE,0,0,13
80,80,18,1261,1,1,3,2,TRUE,0,0,13
81,81,17,1278,1,1,3,2,TRUE,0,0,13
82,82,11,1289,3,3,3,0,TRUE,1,4,13
83,83,20,1309,3,3,3,0,TRUE,0,0,13
84,84,9,1318,3,0,3,0,FALSE,0,0,13
85,85,14,1332,1,1,3,2,TRUE,0,0,13
86,86,14,1346,3,0,3,0,FALSE,0,0,13
87,87,21,1367,3,1,3,0,FALSE,0,0,13
88,88,11,1378,3,1,3,0,FALSE,0,0,13
89,89,20,1398,3,5,3,0,FALSE,0,0,13
90,90,10,1408,6,1,3,3,FALSE,0,0,13
91,91,22,1430,2,2,3,1,TRUE,0,0,13
92,92,9,1439,3,0,3,0,FALSE,0,0,13
93,93,16,1455,3,3,3,0,TRUE,0,0,13
94,94,24,1479,3,3,3,0,TRUE,0,0,13
95,95,17,1496,3,0,3,0,FALSE,0,0,13
96,96,19,1515,1,1,3,2,TRUE,0,0,13
97,97,10,1525,3,0,3,0,FALSE,0,0,13
98,98,14,1539,6,5,3,3,FALSE,0,0,13
99,99,11,1550,2,3,3,1,FALSE,0,0,13
0,0,5,5,5,0,5,0,FALSE,0,0,14
1,1,19,24,5,4,5,0,FALSE,0,0,14
2,2,9,33,5,0,5,0,FALSE,0,0,14
3,3,21,54,7,6,5,2,FALSE,0,0,14
4,4,12,66,5,4,5,0,FALSE,0,0,14
5,5,19,85,5,5,5,0,TRUE,0,0,14
6,6,20,105,5,4,5,0,FALSE,0,0,14
7,7,22,127,0,0,5,3,TRUE,0,0,14
8,8,21,148,0,0,5,3,TRUE,0,0,14
9,9,14,162,7,6,5,2,FALSE,0,0,14
10,10,9,171,6,1,5,2,FALSE,0,0,14
11,11,17,188,4,4,5,1,TRUE,0,0,14
12,12,14,202,0,0,5,3,TRUE,0,0,14
13,13,15,217,7,4,5,2,FALSE,0,0,14
14,14,21,238,4,4,5,1,TRUE,0,0,14
15,15,11,249,7,6,5,2,FALSE,0,0,14
16,16,21,270,6,6,5,2,TRUE,0,0,14
17,17,14,284,5,0,5,0,FALSE,0,0,14
18,18,16,300,2,0,5,3,FALSE,0,0,14
19,19,13,313,5,6,5,0,FALSE,0,0,14
20,20,16,329,5,5,5,0,TRUE,1,1,14
21,21,19,348,0,0,5,3,TRUE,0,0,14
22,22,17,365,5,5,5,0,TRUE,0,0,14
23,23,17,382,5,5,5,0,TRUE,0,0,14
24,24,10,392,5,5,5,0,TRUE,0,0,14
25,25,14,406,7,5,5,2,FALSE,0,0,14
26,26,13,419,6,6,5,2,TRUE,0,0,14
27,27,24,443,5,5,5,0,TRUE,0,0,14
28,28,7,450,5,4,5,0,FALSE,0,0,14
29,29,11,461,5,5,5,0,TRUE,0,0,14
30,30,17,478,7,5,5,2,FALSE,0,0,14
31,31,20,498,4,3,5,1,FALSE,0,0,14
32,32,15,513,5,5,5,0,TRUE,0,0,14
33,33,18,531,5,2,5,0,FALSE,0,0,14
34,34,13,544,5,5,5,0,TRUE,0,0,14
35,35,16,560,5,5,5,0,TRUE,0,0,14
36,36,11,571,5,5,5,0,TRUE,0,0,14
37,37,14,585,7,5,5,2,FALSE,0,0,14
38,38,21,606,4,5,5,1,FALSE,0,0,14
39,39,10,616,0,0,5,3,TRUE,0,0,14
40,40,24,640,4,4,5,1,TRUE,0,0,14
41,41,16,656,5,0,5,0,FALSE,1,2,14
42,42,19,675,5,5,5,0,TRUE,0,0,14
43,43,21,696,5,4,5,0,FALSE,0,0,14
44,44,15,711,5,5,5,0,TRUE,0,0,14
45,45,13,724,5,5,5,0,TRUE,0,0,14
46,46,17,741,6,7,5,2,FALSE,0,0,14
47,47,24,765,4,4,5,1,TRUE,0,0,14
48,48,21,786,5,5,5,0,TRUE,0,0,14
49,49,23,809,5,5,5,0,TRUE,0,0,14
50,50,15,824,4,4,5,1,TRUE,0,0,14
51,51,16,840,4,4,5,1,TRUE,0,0,14
52,52,17,857,6,6,5,2,TRUE,0,0,14
53,53,17,874,6,6,5,2,TRUE,0,0,14
54,54,21,895,5,4,5,0,FALSE,0,0,14
55,55,15,910,5,5,5,0,TRUE,0,0,14
56,56,10,920,5,5,5,0,TRUE,0,0,14
57,57,21,941,5,5,5,0,TRUE,0,0,14
58,58,18,959,4,4,5,1,TRUE,0,0,14
59,59,19,978,1,0,5,3,FALSE,0,0,14
60,60,10,988,3,0,5,3,FALSE,0,0,14
61,61,24,1012,5,5,5,0,TRUE,1,3,14
62,62,18,1030,5,5,5,0,TRUE,0,0,14
63,63,11,1041,6,5,5,2,FALSE,0,0,14
64,64,13,1054,2,0,5,3,FALSE,0,0,14
65,65,17,1071,5,5,5,0,TRUE,0,0,14
66,66,10,1081,3,1,5,3,FALSE,0,0,14
67,67,15,1096,1,1,5,3,TRUE,0,0,14
68,68,24,1120,6,7,5,2,FALSE,0,0,14
69,69,21,1141,5,4,5,0,FALSE,0,0,14
70,70,15,1156,4,4,5,1,TRUE,0,0,14
71,71,10,1166,5,5,5,0,TRUE,0,0,14
72,72,13,1179,4,4,5,1,TRUE,0,0,14
73,73,17,1196,3,3,5,3,TRUE,0,0,14
74,74,21,1217,2,3,5,3,FALSE,0,0,14
75,75,22,1239,2,2,5,3,TRUE,0,0,14
76,76,13,1252,5,5,5,0,TRUE,0,0,14
77,77,12,1264,6,5,5,2,FALSE,0,0,14
78,78,16,1280,6,7,5,2,FALSE,0,0,14
79,79,18,1298,4,4,5,1,TRUE,0,0,14
80,80,16,1314,5,5,5,0,TRUE,1,4,14
81,81,13,1327,6,4,5,2,FALSE,0,0,14
82,82,12,1339,5,4,5,0,FALSE,0,0,14
83,83,19,1358,2,3,5,3,FALSE,0,0,14
84,84,18,1376,5,5,5,0,TRUE,0,0,14
85,85,15,1391,2,6,5,3,FALSE,0,0,14
86,86,7,1398,5,7,5,0,FALSE,0,0,14
87,87,17,1415,4,4,5,1,TRUE,0,0,14
88,88,15,1430,5,4,5,0,FALSE,0,0,14
89,89,19,1449,5,5,5,0,TRUE,0,0,14
90,90,11,1460,5,5,5,0,TRUE,0,0,14
91,91,16,1476,5,2,5,0,FALSE,0,0,14
92,92,18,1494,4,4,5,1,TRUE,0,0,14
93,93,8,1502,5,0,5,0,FALSE,0,0,14
94,94,14,1516,5,5,5,0,TRUE,0,0,14
95,95,20,1536,6,7,5,2,FALSE,0,0,14
96,96,13,1549,5,5,5,0,TRUE,0,0,14
97,97,21,1570,6,6,5,2,TRUE,0,0,14
98,98,13,1583,5,5,5,0,TRUE,0,0,14
99,99,18,1601,5,5,5,0,TRUE,0,0,14
0,0,6,6,3,1,3,0,FALSE,0,0,15
1,1,4,10,3,5,3,0,FALSE,0,0,15
2,2,16,26,0,0,3,2,TRUE,0,0,15
3,3,10,36,3,4,3,0,FALSE,0,0,15
4,4,21,57,3,3,3,0,TRUE,0,0,15
5,5,19,76,1,1,3,2,TRUE,0,0,15
6,6,16,92,3,3,3,0,TRUE,0,0,15
7,7,21,113,3,3,3,0,TRUE,0,0,15
8,8,16,129,3,3,3,0,TRUE,0,0,15
9,9,13,142,1,7,3,2,FALSE,0,0,15
10,10,12,154,4,4,3,3,TRUE,0,0,15
11,11,20,174,3,1,3,0,FALSE,0,0,15
12,12,22,196,4,4,3,3,TRUE,0,0,15
13,13,23,219,3,3,3,0,TRUE,0,0,15
14,14,18,237,4,5,3,3,FALSE,0,0,15
15,15,8,245,3,7,3,0,FALSE,0,0,15
16,16,11,256,3,3,3,0,TRUE,0,0,15
17,17,22,278,4,4,3,3,TRUE,0,0,15
18,18,14,292,3,3,3,0,TRUE,0,0,15
19,19,22,314,3,3,3,0,TRUE,0,0,15
20,20,6,320,2,5,3,1,FALSE,0,0,15
21,21,14,334,3,5,3,0,FALSE,1,1,15
22,22,9,343,1,1,3,2,TRUE,0,0,15
23,23,13,356,2,2,3,1,TRUE,0,0,15
24,24,17,373,4,4,3,3,TRUE,0,0,15
25,25,23,396,3,2,3,0,FALSE,0,0,15
26,26,22,418,2,2,3,1,TRUE,0,0,15
27,27,17,435,0,0,3,2,TRUE,0,0,15
28,28,10,445,6,2,3,3,FALSE,0,0,15
29,29,7,452,5,5,3,3,TRUE,0,0,15
30,30,22,474,3,2,3,0,FALSE,0,0,15
31,31,19,493,0,0,3,2,TRUE,0,0,15
32,32,13,506,2,2,3,1,TRUE,0,0,15
33,33,10,516,6,6,3,3,TRUE,0,0,15
34,34,11,527,3,3,3,0,TRUE,0,0,15
35,35,22,549,3,2,3,0,FALSE,0,0,15
36,36,10,559,3,3,3,0,TRUE,0,0,15
37,37,12,571,2,2,3,1,TRUE,0,0,15
38,38,12,583,7,6,3,3,FALSE,0,0,15
39,39,11,594,3,3,3,0,TRUE,0,0,15
40,40,22,616,1,1,3,2,TRUE,0,0,15
41,41,13,629,2,1,3,1,FALSE,0,0,15
42,42,18,647,2,2,3,1,TRUE,0,0,15
43,43,11,658,3,5,3,0,FALSE,1,2,15
44,44,12,670,4,4,3,3,TRUE,0,0,15
45,45,15,685,1,1,3,2,TRUE,0,0,15
46,46,8,693,3,1,3,0,FALSE,0,0,15
47,47,21,714,1,1,3,2,TRUE,0,0,15
48,48,16,730,2,2,3,1,TRUE,0,0,15
49,49,22,752,3,3,3,0,TRUE,0,0,15
50,50,12,764,3,3,3,0,TRUE,0,0,15
51,51,11,775,3,3,3,0,TRUE,0,0,15
52,52,13,788,2,2,3,1,TRUE,0,0,15
53,53,23,811,3,3,3,0,TRUE,0,0,15
54,54,19,830,5,5,3,3,TRUE,0,0,15
55,55,11,841,3,3,3,0,TRUE,0,0,15
56,56,13,854,2,2,3,1,TRUE,0,0,15
57,57,9,863,3,3,3,0,TRUE,0,0,15
58,58,14,877,6,5,3,3,FALSE,0,0,15
59,59,19,896,3,3,3,0,TRUE,0,0,15
60,60,16,912,3,2,3,0,FALSE,1,3,15
61,61,11,923,3,3,3,0,TRUE,0,0,15
62,62,20,943,3,2,3,0,FALSE,0,0,15
63,63,15,958,3,3,3,0,TRUE,0,0,15
64,64,14,972,2,2,3,1,TRUE,0,0,15
65,65,17,989,6,6,3,3,TRUE,0,0,15
66,66,13,1002,4,4,3,3,TRUE,0,0,15
67,67,14,1016,3,3,3,0,TRUE,0,0,15
68,68,11,1027,3,3,3,0,TRUE,0,0,15
69,69,11,1038,3,3,3,0,TRUE,0,0,15
70,70,13,1051,2,2,3,1,TRUE,0,0,15
71,71,10,1061,3,2,3,0,FALSE,0,0,15
72,72,20,1081,4,4,3,3,TRUE,0,0,15
73,73,13,1094,1,2,3,2,FALSE,0,0,15
74,74,12,1106,3,3,3,0,TRUE,0,0,15
75,75,16,1122,3,3,3,0,TRUE,0,0,15
76,76,6,1128,3,4,3,0,FALSE,0,0,15
77,77,15,1143,1,0,3,2,FALSE,0,0,15
78,78,17,1160,5,5,3,3,TRUE,0,0,15
79,79,20,1180,1,1,3,2,TRUE,0,0,15
80,80,9,1189,3,3,3,0,TRUE,1,4,15
81,81,12,1201,3,1,3,0,FALSE,0,0,15
82,82,14,1215,2,2,3,1,TRUE,0,0,15
83,83,16,1231,2,2,3,1,TRUE,0,0,15
84,84,21,1252,3,3,3,0,TRUE,0,0,15
85,85,23,1275,3,3,3,0,TRUE,0,0,15
86,86,18,1293,1,0,3,2,FALSE,0,0,15
87,87,15,1308,5,5,3,3,TRUE,0,0,15
88,88,14,1322,3,3,3,0,TRUE,0,0,15
89,89,20,1342,3,3,3,0,TRUE,0,0,15
90,90,9,1351,3,3,3,0,TRUE,0,0,15
91,91,15,1366,1,4,3,2,FALSE,0,0,15
92,92,25,1391,5,5,3,3,TRUE,0,0,15
93,93,19,1410,3,3,3,0,TRUE,0,0,15
94,94,12,1422,5,5,3,3,TRUE,0,0,15
95,95,21,1443,2,2,3,1,TRUE,0,0,15
96,96,7,1450,1,4,3,2,FALSE,0,0,15
97,97,16,1466,3,3,3,0,TRUE,0,0,15
98,98,22,1488,3,3,3,0,TRUE,0,0,15
99,99,25,1513,1,1,3,2,TRUE,0,0,15
0,0,16,16,4,3,4,0,FALSE,0,0,16
1,1,18,34,4,4,4,0,TRUE,0,0,16
2,2,9,43,4,5,4,0,FALSE,0,0,16
3,3,20,63,4,4,4,0,TRUE,0,0,16
4,4,11,74,4,4,4,0,TRUE,0,0,16
5,5,10,84,6,4,4,2,FALSE,0,0,16
6,6,10,94,6,2,4,2,FALSE,0,0,16
7,7,12,106,4,4,4,0,TRUE,0,0,16
8,8,24,130,5,5,4,1,TRUE,0,0,16
9,9,22,152,1,1,4,3,TRUE,0,0,16
10,10,15,167,5,4,4,1,FALSE,0,0,16
11,11,13,180,4,0,4,0,FALSE,0,0,16
12,12,16,196,5,6,4,1,FALSE,0,0,16
13,13,9,205,0,0,4,3,TRUE,0,0,16
14,14,17,222,4,4,4,0,TRUE,0,0,16
15,15,16,238,6,6,4,2,TRUE,0,0,16
16,16,20,258,4,4,4,0,TRUE,0,0,16
17,17,10,268,6,6,4,2,TRUE,0,0,16
18,18,8,276,2,3,4,3,FALSE,0,0,16
19,19,18,294,4,4,4,0,TRUE,0,0,16
20,20,15,309,5,5,4,1,TRUE,0,0,16
21,21,20,329,5,5,4,1,TRUE,0,0,16
22,22,12,341,4,0,4,0,FALSE,1,1,16
23,23,20,361,5,5,4,1,TRUE,0,0,16
24,24,14,375,4,4,4,0,TRUE,0,0,16
25,25,21,396,4,4,4,0,TRUE,0,0,16
26,26,23,419,0,0,4,3,TRUE,0,0,16
27,27,16,435,4,4,4,0,TRUE,0,0,16
28,28,13,448,4,4,4,0,TRUE,0,0,16
29,29,18,466,7,6,4,2,FALSE,0,0,16
30,30,10,476,4,4,4,0,TRUE,0,0,16
31,31,7,483,1,0,4,3,FALSE,0,0,16
32,32,14,497,2,0,4,3,FALSE,0,0,16
33,33,23,520,4,4,4,0,TRUE,0,0,16
34,34,19,539,4,4,4,0,TRUE,0,0,16
35,35,20,559,5,5,4,1,TRUE,0,0,16
36,36,8,567,1,5,4,3,FALSE,0,0,16
37,37,19,586,4,4,4,0,TRUE,0,0,16
38,38,20,606,3,6,4,3,FALSE,0,0,16
39,39,16,622,4,4,4,0,TRUE,0,0,16
40,40,7,629,4,0,4,0,FALSE,1,2,16
41,41,14,643,3,0,4,3,FALSE,0,0,16
42,42,18,661,5,5,4,1,TRUE,0,0,16
43,43,9,670,4,4,4,0,TRUE,0,0,16
44,44,15,685,4,4,4,0,TRUE,0,0,16
45,45,18,703,4,4,4,0,TRUE,0,0,16
46,46,12,715,4,4,4,0,TRUE,0,0,16
47,47,13,728,4,4,4,0,TRUE,0,0,16
48,48,19,747,6,7,4,2,FALSE,0,0,16
49,49,11,758,5,7,4,1,FALSE,0,0,16
50,50,17,775,4,4,4,0,TRUE,0,0,16
51,51,12,787,2,1,4,3,FALSE,0,0,16
52,52,22,809,4,4,4,0,TRUE,0,0,16
53,53,20,829,4,4,4,0,TRUE,0,0,16
54,54,15,844,6,6,4,2,TRUE,0,0,16
55,55,9,853,2,4,4,3,FALSE,0,0,16
56,56,11,864,2,4,4,3,FALSE,0,0,16
57,57,25,889,4,4,4,0,TRUE,0,0,16
58,58,15,904,4,4,4,0,TRUE,0,0,16
59,59,17,921,3,0,4,3,FALSE,0,0,16
60,60,15,936,4,5,4,0,FALSE,1,3,16
61,61,23,959,4,4,4,0,TRUE,0,0,16
62,62,13,972,5,5,4,1,TRUE,0,0,16
63,63,16,988,1,1,4,3,TRUE,0,0,16
64,64,12,1000,6,5,4,2,FALSE,0,0,16
65,65,26,1026,1,1,4,3,TRUE,0,0,16
66,66,16,1042,4,4,4,0,TRUE,0,0,16
67,67,16,1058,4,4,4,0,TRUE,0,0,16
68,68,20,1078,4,4,4,0,TRUE,0,0,16
69,69,10,1088,4,4,4,0,TRUE,0,0,16
70,70,23,1111,4,4,4,0,TRUE,0,0,16
71,71,13,1124,4,4,4,0,TRUE,0,0,16
72,72,13,1137,4,4,4,0,TRUE,0,0,16
73,73,21,1158,5,5,4,1,TRUE,0,0,16
74,74,14,1172,5,5,4,1,TRUE,0,0,16
75,75,20,1192,5,5,4,1,TRUE,0,0,16
76,76,22,1214,4,4,4,0,TRUE,0,0,16
77,77,16,1230,6,6,4,2,TRUE,0,0,16
78,78,17,1247,6,6,4,2,TRUE,0,0,16
79,79,15,1262,6,4,4,2,FALSE,0,0,16
80,80,16,1278,4,4,4,0,TRUE,1,4,16
81,81,16,1294,4,4,4,0,TRUE,0,0,16
82,82,23,1317,4,4,4,0,TRUE,0,0,16
83,83,18,1335,4,4,4,0,TRUE,0,0,16
84,84,20,1355,6,6,4,2,TRUE,0,0,16
85,85,17,1372,4,4,4,0,TRUE,0,0,16
86,86,17,1389,6,6,4,2,TRUE,0,0,16
87,87,15,1404,4,4,4,0,TRUE,0,0,16
88,88,15,1419,2,0,4,3,FALSE,0,0,16
89,89,14,1433,6,6,4,2,TRUE,0,0,16
90,90,16,1449,2,0,4,3,FALSE,0,0,16
91,91,14,1463,4,4,4,0,TRUE,0,0,16
92,92,26,1489,4,4,4,0,TRUE,0,0,16
93,93,22,1511,4,4,4,0,TRUE,0,0,16
94,94,22,1533,5,5,4,1,TRUE,0,0,16
95,95,15,1548,5,5,4,1,TRUE,0,0,16
96,96,15,1563,1,1,4,3,TRUE,0,0,16
97,97,18,1581,6,6,4,2,TRUE,0,0,16
98,98,20,1601,5,5,4,1,TRUE,0,0,16
99,99,17,1618,5,5,4,1,TRUE,0,0,16
0,0,23,23,5,5,5,0,TRUE,0,0,17
1,1,13,36,5,5,5,0,TRUE,0,0,17
2,2,19,55,4,6,5,1,FALSE,0,0,17
3,3,14,69,7,7,5,2,TRUE,0,0,17
4,4,15,84,3,4,5,3,FALSE,0,0,17
5,5,20,104,5,5,5,0,TRUE,0,0,17
6,6,8,112,7,7,5,2,TRUE,0,0,17
7,7,15,127,5,5,5,0,TRUE,0,0,17
8,8,10,137,5,5,5,0,TRUE,0,0,17
9,9,15,152,5,5,5,0,TRUE,0,0,17
10,10,23,175,6,4,5,2,FALSE,0,0,17
11,11,17,192,2,5,5,3,FALSE,0,0,17
12,12,24,216,5,5,5,0,TRUE,0,0,17
13,13,13,229,1,0,5,3,FALSE,0,0,17
14,14,14,243,3,5,5,3,FALSE,0,0,17
15,15,19,262,5,5,5,0,TRUE,0,0,17
16,16,7,269,5,2,5,0,FALSE,0,0,17
17,17,18,287,4,4,5,1,TRUE,0,0,17
18,18,16,303,5,5,5,0,TRUE,0,0,17
19,19,17,320,6,7,5,2,FALSE,0,0,17
20,20,16,336,1,7,5,3,FALSE,0,0,17
21,21,15,351,4,4,5,1,TRUE,0,0,17
22,22,17,368,5,4,5,0,FALSE,1,1,17
23,23,13,381,5,5,5,0,TRUE,0,0,17
24,24,23,404,5,5,5,0,TRUE,0,0,17
25,25,16,420,5,5,5,0,TRUE,0,0,17
26,26,10,430,0,0,5,3,TRUE,0,0,17
27,27,9,439,4,0,5,1,FALSE,0,0,17
28,28,16,455,4,5,5,1,FALSE,0,0,17
29,29,21,476,5,5,5,0,TRUE,0,0,17
30,30,16,492,5,5,5,0,TRUE,0,0,17
31,31,21,513,5,7,5,0,FALSE,0,0,17
32,32,22,535,5,5,5,0,TRUE,0,0,17
33,33,17,552,0,0,5,3,TRUE,0,0,17
34,34,20,572,4,7,5,1,FALSE,0,0,17
35,35,10,582,4,5,5,1,FALSE,0,0,17
36,36,14,596,3,0,5,3,FALSE,0,0,17
37,37,21,617,5,5,5,0,TRUE,0,0,17
38,38,17,634,4,4,5,1,TRUE,0,0,17
39,39,21,655,5,5,5,0,TRUE,0,0,17
40,40,20,675,5,5,5,0,TRUE,1,2,17
41,41,13,688,6,7,5,2,FALSE,0,0,17
42,42,9,697,6,4,5,2,FALSE,0,0,17
43,43,23,720,5,5,5,0,TRUE,0,0,17
44,44,15,735,5,5,5,0,TRUE,0,0,17
45,45,10,745,5,5,5,0,TRUE,0,0,17
46,46,12,757,1,0,5,3,FALSE,0,0,17
47,47,8,765,5,5,5,0,TRUE,0,0,17
48,48,19,784,6,7,5,2,FALSE,0,0,17
49,49,22,806,5,5,5,0,TRUE,0,0,17
50,50,18,824,5,5,5,0,TRUE,0,0,17
51,51,23,847,5,5,5,0,TRUE,0,0,17
52,52,12,859,6,7,5,2,FALSE,0,0,17
53,53,10,869,2,1,5,3,FALSE,0,0,17
54,54,13,882,5,5,5,0,TRUE,0,0,17
55,55,16,898,5,5,5,0,TRUE,0,0,17
56,56,19,917,6,7,5,2,FALSE,0,0,17
57,57,19,936,5,5,5,0,TRUE,0,0,17
58,58,16,952,5,5,5,0,TRUE,0,0,17
59,59,14,966,4,5,5,1,FALSE,0,0,17
60,60,13,979,5,4,5,0,FALSE,1,3,17
61,61,23,1002,5,5,5,0,TRUE,0,0,17
62,62,11,1013,2,0,5,3,FALSE,0,0,17
63,63,24,1037,4,4,5,1,TRUE,0,0,17
64,64,16,1053,4,4,5,1,TRUE,0,0,17
65,65,14,1067,2,3,5,3,FALSE,0,0,17
66,66,8,1075,6,5,5,2,FALSE,0,0,17
67,67,23,1098,6,7,5,2,FALSE,0,0,17
68,68,17,1115,1,1,5,3,TRUE,0,0,17
69,69,21,1136,5,0,5,0,FALSE,0,0,17
70,70,12,1148,5,5,5,0,TRUE,0,0,17
71,71,21,1169,5,5,5,0,TRUE,0,0,17
72,72,15,1184,4,4,5,1,TRUE,0,0,17
73,73,22,1206,5,5,5,0,TRUE,0,0,17
74,74,11,1217,5,5,5,0,TRUE,0,0,17
75,75,15,1232,6,5,5,2,FALSE,0,0,17
76,76,7,1239,5,6,5,0,FALSE,0,0,17
77,77,20,1259,4,5,5,1,FALSE,0,0,17
78,78,19,1278,6,5,5,2,FALSE,0,0,17
79,79,10,1288,5,5,5,0,TRUE,0,0,17
80,80,19,1307,5,5,5,0,TRUE,1,4,17
81,81,22,1329,5,5,5,0,TRUE,0,0,17
82,82,15,1344,2,0,5,3,FALSE,0,0,17
83,83,19,1363,3,0,5,3,FALSE,0,0,17
84,84,11,1374,4,5,5,1,FALSE,0,0,17
85,85,13,1387,4,4,5,1,TRUE,0,0,17
86,86,22,1409,5,5,5,0,TRUE,0,0,17
87,87,14,1423,1,0,5,3,FALSE,0,0,17
88,88,17,1440,5,7,5,0,FALSE,0,0,17
89,89,24,1464,5,5,5,0,TRUE,0,0,17
90,90,15,1479,4,5,5,1,FALSE,0,0,17
91,91,13,1492,6,7,5,2,FALSE,0,0,17
92,92,24,1516,5,5,5,0,TRUE,0,0,17
93,93,18,1534,4,4,5,1,TRUE,0,0,17
94,94,14,1548,5,4,5,0,FALSE,0,0,17
95,95,17,1565,4,4,5,1,TRUE,0,0,17
96,96,23,1588,3,2,5,3,FALSE,0,0,17
97,97,9,1597,2,4,5,3,FALSE,0,0,17
98,98,20,1617,5,5,5,0,TRUE,0,0,17
99,99,13,1630,5,5,5,0,TRUE,0,0,17
0,0,14,14,2,5,2,0,FALSE,0,0,18
1,1,19,33,2,0,2,0,FALSE,0,0,18
2,2,19,52,0,0,2,2,TRUE,0,0,18
3,3,19,71,2,7,2,0,FALSE,0,0,18
4,4,16,87,2,6,2,0,FALSE,0,0,18
5,5,6,93,3,4,2,1,FALSE,0,0,18
6,6,21,114,3,3,2,1,TRUE,0,0,18
7,7,15,129,4,4,2,3,TRUE,0,0,18
8,8,9,138,4,4,2,3,TRUE,0,0,18
9,9,21,159,2,2,2,0,TRUE,0,0,18
10,10,22,181,0,2,2,2,FALSE,0,0,18
11,11,16,197,2,2,2,0,TRUE,0,0,18
12,12,12,209,1,2,2,2,FALSE,0,0,18
13,13,12,221,3,7,2,1,FALSE,0,0,18
14,14,13,234,2,2,2,0,TRUE,0,0,18
15,15,20,254,2,2,2,0,TRUE,0,0,18
16,16,20,274,2,0,2,0,FALSE,0,0,18
17,17,14,288,5,7,2,3,FALSE,0,0,18
18,18,19,307,2,2,2,0,TRUE,0,0,18
19,19,18,325,3,3,2,1,TRUE,0,0,18
20,20,15,340,2,2,2,0,TRUE,1,1,18
21,21,10,350,3,7,2,1,FALSE,0,0,18
22,22,7,357,1,0,2,2,FALSE,0,0,18
23,23,15,372,2,0,2,0,FALSE,0,0,18
24,24,22,394,2,2,2,0,TRUE,0,0,18
25,25,15,409,5,5,2,3,TRUE,0,0,18
26,26,10,419,1,1,2,2,TRUE,0,0,18
27,27,10,429,1,1,2,2,TRUE,0,0,18
28,28,17,446,6,5,2,3,FALSE,0,0,18
29,29,11,457,3,3,2,1,TRUE,0,0,18
30,30,15,472,2,2,2,0,TRUE,0,0,18
31,31,21,493,2,2,2,0,TRUE,0,0,18
32,32,8,501,2,7,2,0,FALSE,0,0,18
33,33,9,510,1,1,2,2,TRUE,0,0,18
34,34,19,529,2,2,2,0,TRUE,0,0,18
35,35,14,543,5,5,2,3,TRUE,0,0,18
36,36,18,561,2,2,2,0,TRUE,0,0,18
37,37,17,578,2,2,2,0,TRUE,0,0,18
38,38,13,591,2,5,2,0,FALSE,0,0,18
39,39,21,612,3,3,2,1,TRUE,0,0,18
40,40,6,618,2,6,2,0,FALSE,1,2,18
41,41,13,631,3,5,2,1,FALSE,0,0,18
42,42,8,639,2,2,2,0,TRUE,0,0,18
43,43,9,648,2,2,2,0,TRUE,0,0,18
44,44,16,664,4,5,2,3,FALSE,0,0,18
45,45,10,674,2,2,2,0,TRUE,0,0,18
46,46,18,692,1,0,2,2,FALSE,0,0,18
47,47,12,704,5,5,2,3,TRUE,0,0,18
48,48,11,715,2,2,2,0,TRUE,0,0,18
49,49,15,730,2,2,2,0,TRUE,0,0,18
50,50,12,742,3,6,2,1,FALSE,0,0,18
51,51,17,759,1,1,2,2,TRUE,0,0,18
52,52,21,780,1,1,2,2,TRUE,0,0,18
53,53,14,794,2,4,2,0,FALSE,0,0,18
54,54,19,813,2,6,2,0,FALSE,0,0,18
55,55,13,826,3,0,2,1,FALSE,0,0,18
56,56,19,845,1,1,2,2,TRUE,0,0,18
57,57,15,860,2,2,2,0,TRUE,0,0,18
58,58,26,886,4,4,2,3,TRUE,0,0,18
59,59,11,897,2,3,2,0,FALSE,0,0,18
60,60,13,910,3,3,2,1,TRUE,0,0,18
61,61,14,924,4,4,2,3,TRUE,0,0,18
62,62,6,930,2,0,2,0,FALSE,1,3,18
63,63,16,946,4,4,2,3,TRUE,0,0,18
64,64,10,956,2,2,2,0,TRUE,0,0,18
65,65,23,979,5,5,2,3,TRUE,0,0,18
66,66,16,995,2,7,2,0,FALSE,0,0,18
67,67,26,1021,1,1,2,2,TRUE,0,0,18
68,68,13,1034,3,2,2,1,FALSE,0,0,18
69,69,8,1042,2,2,2,0,TRUE,0,0,18
70,70,22,1064,2,2,2,0,TRUE,0,0,18
71,71,20,1084,6,6,2,3,TRUE,0,0,18
72,72,21,1105,2,2,2,0,TRUE,0,0,18
73,73,7,1112,2,3,2,0,FALSE,0,0,18
74,74,12,1124,1,5,2,2,FALSE,0,0,18
75,75,14,1138,1,1,2,2,TRUE,0,0,18
76,76,18,1156,4,5,2,3,FALSE,0,0,18
77,77,14,1170,2,2,2,0,TRUE,0,0,18
78,78,13,1183,6,7,2,3,FALSE,0,0,18
79,79,15,1198,3,1,2,1,FALSE,0,0,18
80,80,14,1212,3,3,2,1,TRUE,0,0,18
81,81,11,1223,2,5,2,0,FALSE,1,4,18
82,82,15,1238,2,2,2,0,TRUE,0,0,18
83,83,19,1257,6,6,2,3,TRUE,0,0,18
84,84,22,1279,2,1,2,0,FALSE,0,0,18
85,85,14,1293,2,6,2,0,FALSE,0,0,18
86,86,17,1310,1,1,2,2,TRUE,0,0,18
87,87,21,1331,2,2,2,0,TRUE,0,0,18
88,88,22,1353,2,2,2,0,TRUE,0,0,18
89,89,16,1369,3,3,2,1,TRUE,0,0,18
90,90,17,1386,2,5,2,0,FALSE,0,0,18
91,91,10,1396,2,2,2,0,TRUE,0,0,18
92,92,13,1409,3,3,2,1,TRUE,0,0,18
93,93,20,1429,3,3,2,1,TRUE,0,0,18
94,94,14,1443,2,2,2,0,TRUE,0,0,18
95,95,7,1450,2,2,2,0,TRUE,0,0,18
96,96,24,1474,2,2,2,0,TRUE,0,0,18
97,97,18,1492,1,1,2,2,TRUE,0,0,18
98,98,10,1502,2,2,2,0,TRUE,0,0,18
99,99,15,1517,1,6,2,2,FALSE,0,0,18
0,0,14,14,5,4,5,0,FALSE,0,0,19
1,1,16,30,5,4,5,0,FALSE,0,0,19
2,2,11,41,5,4,5,0,FALSE,0,0,19
3,3,12,53,3,2,5,3,FALSE,0,0,19
4,4,19,72,4,4,5,1,TRUE,0,0,19
5,5,19,91,2,0,5,3,FALSE,0,0,19
6,6,21,112,7,7,5,2,TRUE,0,0,19
7,7,21,133,4,4,5,1,TRUE,0,0,19
8,8,17,150,5,5,5,0,TRUE,0,0,19
9,9,27,177,5,5,5,0,TRUE,0,0,19
10,10,25,202,4,4,5,1,TRUE,0,0,19
11,11,23,225,5,5,5,0,TRUE,0,0,19
12,12,14,239,7,7,5,2,TRUE,0,0,19
13,13,21,260,1,0,5,3,FALSE,0,0,19
14,14,7,267,5,6,5,0,FALSE,0,0,19
15,15,15,282,5,5,5,0,TRUE,0,0,19
16,16,23,305,5,5,5,0,TRUE,0,0,19
17,17,17,322,5,5,5,0,TRUE,0,0,19
18,18,11,333,6,7,5,2,FALSE,0,0,19
19,19,17,350,5,7,5,0,FALSE,0,0,19
20,20,9,359,3,0,5,3,FALSE,0,0,19
21,21,22,381,4,4,5,1,TRUE,0,0,19
22,22,19,400,4,4,5,1,TRUE,0,0,19
23,23,12,412,4,4,5,1,TRUE,0,0,19
24,24,23,435,5,5,5,0,TRUE,1,1,19
25,25,10,445,5,5,5,0,TRUE,0,0,19
26,26,18,463,6,4,5,2,FALSE,0,0,19
27,27,8,471,6,3,5,2,FALSE,0,0,19
28,28,21,492,5,7,5,0,FALSE,0,0,19
29,29,18,510,0,0,5,3,TRUE,0,0,19
30,30,15,525,5,5,5,0,TRUE,0,0,19
31,31,13,538,4,4,5,1,TRUE,0,0,19
32,32,15,553,5,5,5,0,TRUE,0,0,19
33,33,9,562,5,4,5,0,FALSE,0,0,19
34,34,18,580,5,3,5,0,FALSE,0,0,19
35,35,10,590,6,7,5,2,FALSE,0,0,19
36,36,13,603,1,1,5,3,TRUE,0,0,19
37,37,21,624,5,5,5,0,TRUE,0,0,19
38,38,19,643,5,5,5,0,TRUE,0,0,19
39,39,16,659,4,4,5,1,TRUE,0,0,19
40,40,10,669,2,7,5,3,FALSE,0,0,19
41,41,16,685,1,1,5,3,TRUE,0,0,19
42,42,17,702,5,3,5,0,FALSE,1,2,19
43,43,16,718,4,4,5,1,TRUE,0,0,19
44,44,15,733,5,0,5,0,FALSE,0,0,19
45,45,13,746,6,7,5,2,FALSE,0,0,19
46,46,16,762,5,5,5,0,TRUE,0,0,19
47,47,14,776,5,5,5,0,TRUE,0,0,19
48,48,16,792,6,6,5,2,TRUE,0,0,19
49,49,9,801,5,0,5,0,FALSE,0,0,19
50,50,20,821,3,3,5,3,TRUE,0,0,19
51,51,18,839,4,4,5,1,TRUE,0,0,19
52,52,17,856,5,5,5,0,TRUE,0,0,19
53,53,19,875,5,4,5,0,FALSE,0,0,19
54,54,18,893,4,4,5,1,TRUE,0,0,19
55,55,12,905,5,4,5,0,FALSE,0,0,19
56,56,9,914,2,5,5,3,FALSE,0,0,19
57,57,18,932,6,7,5,2,FALSE,0,0,19
58,58,8,940,4,2,5,1,FALSE,0,0,19
59,59,7,947,5,7,5,0,FALSE,0,0,19
60,60,11,958,5,3,5,0,FALSE,1,3,19
61,61,17,975,5,4,5,0,FALSE,0,0,19
62,62,20,995,4,4,5,1,TRUE,0,0,19
63,63,15,1010,5,5,5,0,TRUE,0,0,19
64,64,24,1034,4,4,5,1,TRUE,0,0,19
65,65,13,1047,5,0,5,0,FALSE,0,0,19
66,66,24,1071,6,6,5,2,TRUE,0,0,19
67,67,10,1081,5,7,5,0,FALSE,0,0,19
68,68,10,1091,5,3,5,0,FALSE,0,0,19
69,69,18,1109,5,5,5,0,TRUE,0,0,19
70,70,18,1127,4,3,5,1,FALSE,0,0,19
71,71,26,1153,6,6,5,2,TRUE,0,0,19
72,72,15,1168,5,5,5,0,TRUE,0,0,19
73,73,9,1177,5,5,5,0,TRUE,0,0,19
74,74,14,1191,5,5,5,0,TRUE,0,0,19
75,75,13,1204,5,7,5,0,FALSE,0,0,19
76,76,14,1218,6,7,5,2,FALSE,0,0,19
77,77,20,1238,6,5,5,2,FALSE,0,0,19
78,78,18,1256,5,5,5,0,TRUE,0,0,19
79,79,18,1274,5,5,5,0,TRUE,0,0,19
80,80,16,1290,1,1,5,3,TRUE,0,0,19
81,81,27,1317,3,3,5,3,TRUE,0,0,19
82,82,10,1327,5,2,5,0,FALSE,1,4,19
83,83,15,1342,6,6,5,2,TRUE,0,0,19
84,84,22,1364,5,5,5,0,TRUE,0,0,19
85,85,11,1375,6,7,5,2,FALSE,0,0,19
86,86,11,1386,4,1,5,1,FALSE,0,0,19
87,87,8,1394,3,4,5,3,FALSE,0,0,19
88,88,23,1417,6,6,5,2,TRUE,0,0,19
89,89,13,1430,1,0,5,3,FALSE,0,0,19
90,90,15,1445,5,5,5,0,TRUE,0,0,19
91,91,17,1462,5,5,5,0,TRUE,0,0,19
92,92,13,1475,1,1,5,3,TRUE,0,0,19
93,93,14,1489,5,4,5,0,FALSE,0,0,19
94,94,7,1496,5,4,5,0,FALSE,0,0,19
95,95,14,1510,4,4,5,1,TRUE,0,0,19
96,96,16,1526,5,5,5,0,TRUE,0,0,19
97,97,18,1544,4,4,5,1,TRUE,0,0,19
98,98,14,1558,5,5,5,0,TRUE,0,0,19
99,99,18,1576,3,2,5,3,FALSE,0,0,19
0,0,12,12,5,5,5,0,TRUE,0,0,2
1,1,16,28,0,0,5,3,TRUE,0,0,2
2,2,19,47,1,1,5,3,TRUE,0,0,2
3,3,23,70,5,5,5,0,TRUE,0,0,2
4,4,21,91,7,7,5,2,TRUE,0,0,2
5,5,18,109,5,4,5,0,FALSE,0,0,2
6,6,14,123,1,1,5,3,TRUE,0,0,2
7,7,10,133,5,5,5,0,TRUE,0,0,2
8,8,23,156,5,5,5,0,TRUE,0,0,2
9,9,7,163,7,7,5,2,TRUE,0,0,2
10,10,15,178,5,5,5,0,TRUE,0,0,2
11,11,11,189,5,5,5,0,TRUE,0,0,2
12,12,19,208,5,0,5,0,FALSE,0,0,2
13,13,11,219,4,5,5,1,FALSE,0,0,2
14,14,11,230,4,4,5,1,TRUE,0,0,2
15,15,11,241,5,5,5,0,TRUE,0,0,2
16,16,22,263,5,5,5,0,TRUE,0,0,2
17,17,25,288,5,5,5,0,TRUE,0,0,2
18,18,18,306,0,0,5,3,TRUE,0,0,2
19,19,9,315,3,5,5,3,FALSE,0,0,2
20,20,21,336,4,4,5,1,TRUE,0,0,2
21,21,5,341,5,0,5,0,FALSE,1,1,2
22,22,18,359,0,0,5,3,TRUE,0,0,2
23,23,24,383,5,5,5,0,TRUE,0,0,2
24,24,11,394,2,2,5,3,TRUE,0,0,2
25,25,12,406,3,3,5,3,TRUE,0,0,2
26,26,17,423,5,5,5,0,TRUE,0,0,2
27,27,18,441,5,5,5,0,TRUE,0,0,2
28,28,11,452,6,7,5,2,FALSE,0,0,2
29,29,22,474,5,5,5,0,TRUE,0,0,2
30,30,11,485,2,2,5,3,TRUE,0,0,2
31,31,20,505,3,3,5,3,TRUE,0,0,2
32,32,21,526,4,5,5,1,FALSE,0,0,2
33,33,17,543,5,5,5,0,TRUE,0,0,2
34,34,14,557,5,5,5,0,TRUE,0,0,2
35,35,20,577,3,3,5,3,TRUE,0,0,2
36,36,22,599,4,4,5,1,TRUE,0,0,2
37,37,13,612,5,5,5,0,TRUE,0,0,2
38,38,18,630,5,5,5,0,TRUE,0,0,2
39,39,13,643,7,0,5,2,FALSE,0,0,2
40,40,12,655,5,0,5,0,FALSE,1,2,2
41,41,13,668,6,0,5,2,FALSE,0,0,2
42,42,11,679,5,5,5,0,TRUE,0,0,2
43,43,24,703,5,5,5,0,TRUE,0,0,2
44,44,24,727,4,4,5,1,TRUE,0,0,2
45,45,21,748,5,5,5,0,TRUE,0,0,2
46,46,13,761,4,4,5,1,TRUE,0,0,2
47,47,21,782,5,1,5,0,FALSE,0,0,2
48,48,24,806,6,6,5,2,TRUE,0,0,2
49,49,20,826,5,5,5,0,TRUE,0,0,2
50,50,10,836,6,4,5,2,FALSE,0,0,2
51,51,13,849,4,5,5,1,FALSE,0,0,2
52,52,16,865,4,4,5,1,TRUE,0,0,2
53,53,19,884,5,5,5,0,TRUE,0,0,2
54,54,10,894,6,3,5,2,FALSE,0,0,2
55,55,18,912,5,5,5,0,TRUE,0,0,2
56,56,19,931,6,6,5,2,TRUE,0,0,2
57,57,21,952,5,5,5,0,TRUE,0,0,2
58,58,8,960,5,5,5,0,TRUE,0,0,2
59,59,19,979,5,5,5,0,TRUE,0,0,2
60,60,12,991,5,0,5,0,FALSE,1,3,2
61,61,12,1003,6,3,5,2,FALSE,0,0,2
62,62,15,1018,4,4,5,1,TRUE,0,0,2
63,63,19,1037,6,6,5,2,TRUE,0,0,2
64,64,15,1052,5,5,5,0,TRUE,0,0,2
65,65,12,1064,5,5,5,0,TRUE,0,0,2
66,66,15,1079,1,1,5,3,TRUE,0,0,2
67,67,11,1090,5,6,5,0,FALSE,0,0,2
68,68,18,1108,4,4,5,1,TRUE,0,0,2
69,69,15,1123,5,5,5,0,TRUE,0,0,2
70,70,16,1139,4,4,5,1,TRUE,0,0,2
71,71,24,1163,5,5,5,0,TRUE,0,0,2
72,72,15,1178,4,4,5,1,TRUE,0,0,2
73,73,15,1193,5,5,5,0,TRUE,0,0,2
74,74,22,1215,5,5,5,0,TRUE,0,0,2
75,75,22,1237,3,3,5,3,TRUE,0,0,2
76,76,12,1249,6,7,5,2,FALSE,0,0,2
77,77,23,1272,2,2,5,3,TRUE,0,0,2
78,78,13,1285,5,5,5,0,TRUE,0,0,2
79,79,19,1304,2,2,5,3,TRUE,0,0,2
80,80,10,1314,5,0,5,0,FALSE,1,4,2
81,81,19,1333,5,5,5,0,TRUE,0,0,2
82,82,10,1343,5,2,5,0,FALSE,0,0,2
83,83,19,1362,6,6,5,2,TRUE,0,0,2
84,84,18,1380,5,5,5,0,TRUE,0,0,2
85,85,16,1396,3,3,5,3,TRUE,0,0,2
86,86,24,1420,2,3,5,3,FALSE,0,0,2
87,87,16,1436,3,3,5,3,TRUE,0,0,2
88,88,18,1454,1,1,5,3,TRUE,0,0,2
89,89,15,1469,3,2,5,3,FALSE,0,0,2
90,90,14,1483,6,6,5,2,TRUE,0,0,2
91,91,9,1492,5,5,5,0,TRUE,0,0,2
92,92,18,1510,5,5,5,0,TRUE,0,0,2
93,93,20,1530,3,3,5,3,TRUE,0,0,2
94,94,20,1550,5,5,5,0,TRUE,0,0,2
95,95,15,1565,4,4,5,1,TRUE,0,0,2
96,96,20,1585,5,5,5,0,TRUE,0,0,2
97,97,14,1599,4,4,5,1,TRUE,0,0,2
98,98,19,1618,5,5,5,0,TRUE,0,0,2
99,99,19,1637,5,7,5,0,FALSE,0,0,2
0,0,7,7,5,0,5,0,FALSE,0,0,20
1,1,15,22,5,1,5,0,FALSE,0,0,20
2,2,19,41,5,4,5,0,FALSE,0,0,20
3,3,20,61,6,7,5,2,FALSE,0,0,20
4,4,13,74,5,5,5,0,TRUE,0,0,20
5,5,22,96,4,4,5,1,TRUE,0,0,20
6,6,3,99,5,3,5,0,FALSE,0,0,20
7,7,14,113,4,3,5,1,FALSE,0,0,20
8,8,12,125,5,4,5,0,FALSE,0,0,20
9,9,14,139,4,4,5,1,TRUE,0,0,20
10,10,7,146,1,3,5,3,FALSE,0,0,20
11,11,16,162,5,4,5,0,FALSE,0,0,20
12,12,18,180,7,4,5,2,FALSE,0,0,20
13,13,19,199,0,5,5,3,FALSE,0,0,20
14,14,20,219,2,3,5,3,FALSE,0,0,20
15,15,10,229,4,5,5,1,FALSE,0,0,20
16,16,16,245,5,4,5,0,FALSE,0,0,20
17,17,10,255,5,4,5,0,FALSE,0,0,20
18,18,12,267,4,4,5,1,TRUE,0,0,20
19,19,21,288,5,5,5,0,TRUE,0,0,20
20,20,14,302,0,0,5,3,TRUE,0,0,20
21,21,18,320,5,4,5,0,FALSE,1,1,20
22,22,15,335,4,4,5,1,TRUE,0,0,20
23,23,16,351,3,5,5,3,FALSE,0,0,20
24,24,12,363,5,5,5,0,TRUE,0,0,20
25,25,8,371,5,4,5,0,FALSE,0,0,20
26,26,24,395,5,5,5,0,TRUE,0,0,20
27,27,8,403,5,5,5,0,TRUE,0,0,20
28,28,17,420,0,0,5,3,TRUE,0,0,20
29,29,18,438,4,4,5,1,TRUE,0,0,20
30,30,20,458,5,4,5,0,FALSE,0,0,20
31,31,23,481,5,5,5,0,TRUE,0,0,20
32,32,10,491,5,0,5,0,FALSE,0,0,20
33,33,13,504,4,4,5,1,TRUE,0,0,20
34,34,22,526,4,5,5,1,FALSE,0,0,20
35,35,21,547,5,5,5,0,TRUE,0,0,20
36,36,15,562,4,5,5,1,FALSE,0,0,20
37,37,10,572,7,4,5,2,FALSE,0,0,20
38,38,13,585,7,5,5,2,FALSE,0,0,20
39,39,10,595,5,5,5,0,TRUE,0,0,20
40,40,6,601,5,3,5,0,FALSE,1,2,20
41,41,12,613,5,5,5,0,TRUE,0,0,20
42,42,19,632,5,5,5,0,TRUE,0,0,20
43,43,2,634,5,0,5,0,FALSE,0,0,20
44,44,10,644,3,1,5,3,FALSE,0,0,20
45,45,10,654,6,4,5,2,FALSE,0,0,20
46,46,22,676,4,4,5,1,TRUE,0,0,20
47,47,13,689,5,4,5,0,FALSE,0,0,20
48,48,15,704,3,0,5,3,FALSE,0,0,20
49,49,8,712,5,4,5,0,FALSE,0,0,20
50,50,19,731,5,4,5,0,FALSE,0,0,20
51,51,10,741,5,4,5,0,FALSE,0,0,20
52,52,17,758,6,4,5,2,FALSE,0,0,20
53,53,9,767,5,5,5,0,TRUE,0,0,20
54,54,10,777,1,3,5,3,FALSE,0,0,20
55,55,20,797,6,0,5,2,FALSE,0,0,20
56,56,12,809,3,0,5,3,FALSE,0,0,20
57,57,17,826,5,4,5,0,FALSE,0,0,20
58,58,17,843,4,4,5,1,TRUE,0,0,20
59,59,15,858,4,4,5,1,TRUE,0,0,20
60,60,16,874,5,1,5,0,FALSE,1,3,20
61,61,20,894,6,4,5,2,FALSE,0,0,20
62,62,19,913,5,1,5,0,FALSE,0,0,20
63,63,9,922,5,4,5,0,FALSE,0,0,20
64,64,9,931,5,6,5,0,FALSE,0,0,20
65,65,16,947,4,4,5,1,TRUE,0,0,20
66,66,21,968,5,5,5,0,TRUE,0,0,20
67,67,16,984,4,4,5,1,TRUE,0,0,20
68,68,14,998,4,5,5,1,FALSE,0,0,20
69,69,16,1014,6,4,5,2,FALSE,0,0,20
70,70,21,1035,5,5,5,0,TRUE,0,0,20
71,71,12,1047,5,5,5,0,TRUE,0,0,20
72,72,8,1055,5,4,5,0,FALSE,0,0,20
73,73,10,1065,2,5,5,3,FALSE,0,0,20
74,74,8,1073,5,4,5,0,FALSE,0,0,20
75,75,10,1083,6,4,5,2,FALSE,0,0,20
76,76,12,1095,6,5,5,2,FALSE,0,0,20
77,77,9,1104,5,5,5,0,TRUE,0,0,20
78,78,4,1108,5,-1,5,0,FALSE,0,0,20
79,79,9,1117,4,1,5,1,FALSE,0,0,20
80,80,17,1134,5,1,5,0,FALSE,1,4,20
81,81,15,1149,4,4,5,1,TRUE,0,0,20
82,82,9,1158,2,4,5,3,FALSE,0,0,20
83,83,21,1179,5,4,5,0,FALSE,0,0,20
84,84,20,1199,6,4,5,2,FALSE,0,0,20
85,85,13,1212,2,4,5,3,FALSE,0,0,20
86,86,9,1221,2,4,5,3,FALSE,0,0,20
87,87,16,1237,5,5,5,0,TRUE,0,0,20
88,88,16,1253,5,4,5,0,FALSE,0,0,20
89,89,18,1271,5,4,5,0,FALSE,0,0,20
90,90,13,1284,5,4,5,0,FALSE,0,0,20
91,91,12,1296,5,4,5,0,FALSE,0,0,20
92,92,9,1305,6,5,5,2,FALSE,0,0,20
93,93,12,1317,4,5,5,1,FALSE,0,0,20
94,94,18,1335,2,5,5,3,FALSE,0,0,20
95,95,12,1347,3,4,5,3,FALSE,0,0,20
96,96,20,1367,5,5,5,0,TRUE,0,0,20
97,97,9,1376,6,5,5,2,FALSE,0,0,20
98,98,21,1397,4,5,5,1,FALSE,0,0,20
99,99,11,1408,5,5,5,0,TRUE,0,0,20
0,0,17,17,2,7,2,0,FALSE,0,0,21
1,1,15,32,3,7,2,1,FALSE,0,0,21
2,2,15,47,0,0,2,2,TRUE,0,0,21
3,3,8,55,2,0,2,0,FALSE,0,0,21
4,4,17,72,2,3,2,0,FALSE,0,0,21
5,5,11,83,2,2,2,0,TRUE,0,0,21
6,6,21,104,2,2,2,0,TRUE,0,0,21
7,7,10,114,3,7,2,1,FALSE,0,0,21
8,8,16,130,4,4,2,3,TRUE,0,0,21
9,9,12,142,2,2,2,0,TRUE,0,0,21
10,10,14,156,2,3,2,0,FALSE,0,0,21
11,11,20,176,2,2,2,0,TRUE,0,0,21
12,12,11,187,5,5,2,3,TRUE,0,0,21
13,13,15,202,3,5,2,1,FALSE,0,0,21
14,14,13,215,4,0,2,3,FALSE,0,0,21
15,15,19,234,4,4,2,3,TRUE,0,0,21
16,16,11,245,2,5,2,0,FALSE,0,0,21
17,17,21,266,3,3,2,1,TRUE,0,0,21
18,18,11,277,3,3,2,1,TRUE,0,0,21
19,19,10,287,2,0,2,0,FALSE,0,0,21
20,20,12,299,1,0,2,2,FALSE,0,0,21
21,21,21,320,6,6,2,3,TRUE,0,0,21
22,22,22,342,3,3,2,1,TRUE,0,0,21
23,23,10,352,2,7,2,0,FALSE,1,1,21
24,24,14,366,2,0,2,0,FALSE,0,0,21
25,25,11,377,2,2,2,0,TRUE,0,0,21
26,26,19,396,2,2,2,0,TRUE,0,0,21
27,27,16,412,6,3,2,3,FALSE,0,0,21
28,28,16,428,2,2,2,0,TRUE,0,0,21
29,29,20,448,1,1,2,2,TRUE,0,0,21
30,30,13,461,2,0,2,0,FALSE,0,0,21
31,31,15,476,2,2,2,0,TRUE,0,0,21
32,32,10,486,5,7,2,3,FALSE,0,0,21
33,33,21,507,1,1,2,2,TRUE,0,0,21
34,34,9,516,3,2,2,1,FALSE,0,0,21
35,35,11,527,4,0,2,3,FALSE,0,0,21
36,36,8,535,2,7,2,0,FALSE,0,0,21
37,37,21,556,2,1,2,0,FALSE,0,0,21
38,38,23,579,2,2,2,0,TRUE,0,0,21
39,39,20,599,1,1,2,2,TRUE,0,0,21
40,40,4,603,2,5,2,0,FALSE,1,2,21
41,41,10,613,2,3,2,0,FALSE,0,0,21
42,42,14,627,2,2,2,0,TRUE,0,0,21
43,43,9,636,2,2,2,0,TRUE,0,0,21
44,44,20,656,5,5,2,3,TRUE,0,0,21
45,45,16,672,2,2,2,0,TRUE,0,0,21
46,46,13,685,3,2,2,1,FALSE,0,0,21
47,47,14,699,2,2,2,0,TRUE,0,0,21
48,48,21,720,2,0,2,0,FALSE,0,0,21
49,49,8,728,2,3,2,0,FALSE,0,0,21
50,50,18,746,1,1,2,2,TRUE,0,0,21
51,51,24,770,1,1,2,2,TRUE,0,0,21
52,52,18,788,2,2,2,0,TRUE,0,0,21
53,53,17,805,2,7,2,0,FALSE,0,0,21
54,54,13,818,3,2,2,1,FALSE,0,0,21
55,55,11,829,2,2,2,0,TRUE,0,0,21
56,56,9,838,2,2,2,0,TRUE,0,0,21
57,57,13,851,2,2,2,0,TRUE,0,0,21
58,58,9,860,2,2,2,0,TRUE,0,0,21
59,59,9,869,2,2,2,0,TRUE,0,0,21
60,60,15,884,2,2,2,0,TRUE,1,3,21
61,61,20,904,1,1,2,2,TRUE,0,0,21
62,62,15,919,4,3,2,3,FALSE,0,0,21
63,63,13,932,3,3,2,1,TRUE,0,0,21
64,64,13,945,1,1,2,2,TRUE,0,0,21
65,65,25,970,2,2,2,0,TRUE,0,0,21
66,66,15,985,1,1,2,2,TRUE,0,0,21
67,67,17,1002,6,7,2,3,FALSE,0,0,21
68,68,21,1023,2,2,2,0,TRUE,0,0,21
69,69,14,1037,2,2,2,0,TRUE,0,0,21
70,70,15,1052,4,4,2,3,TRUE,0,0,21
71,71,15,1067,4,4,2,3,TRUE,0,0,21
72,72,16,1083,1,1,2,2,TRUE,0,0,21
73,73,23,1106,5,5,2,3,TRUE,0,0,21
74,74,13,1119,1,1,2,2,TRUE,0,0,21
75,75,17,1136,3,3,2,1,TRUE,0,0,21
76,76,20,1156,3,3,2,1,TRUE,0,0,21
77,77,13,1169,2,2,2,0,TRUE,0,0,21
78,78,21,1190,2,2,2,0,TRUE,0,0,21
79,79,17,1207,6,6,2,3,TRUE,0,0,21
80,80,21,1228,2,2,2,0,TRUE,1,4,21
81,81,17,1245,3,2,2,1,FALSE,0,0,21
82,82,18,1263,2,2,2,0,TRUE,0,0,21
83,83,20,1283,1,1,2,2,TRUE,0,0,21
84,84,24,1307,2,2,2,0,TRUE,0,0,21
85,85,15,1322,1,1,2,2,TRUE,0,0,21
86,86,20,1342,2,2,2,0,TRUE,0,0,21
87,87,13,1355,3,3,2,1,TRUE,0,0,21
88,88,17,1372,4,4,2,3,TRUE,0,0,21
89,89,23,1395,3,3,2,1,TRUE,0,0,21
90,90,14,1409,2,2,2,0,TRUE,0,0,21
91,91,20,1429,3,3,2,1,TRUE,0,0,21
92,92,22,1451,1,1,2,2,TRUE,0,0,21
93,93,13,1464,3,3,2,1,TRUE,0,0,21
94,94,18,1482,2,2,2,0,TRUE,0,0,21
95,95,11,1493,2,2,2,0,TRUE,0,0,21
96,96,12,1505,5,5,2,3,TRUE,0,0,21
97,97,16,1521,2,2,2,0,TRUE,0,0,21
98,98,15,1536,2,2,2,0,TRUE,0,0,21
99,99,23,1559,6,6,2,3,TRUE,0,0,21
0,0,12,12,0,0,3,2,TRUE,0,0,22
1,1,11,23,3,2,3,0,FALSE,0,0,22
2,2,18,41,3,1,3,0,FALSE,0,0,22
3,3,14,55,3,2,3,0,FALSE,0,0,22
4,4,21,76,3,3,3,0,TRUE,0,0,22
5,5,13,89,2,1,3,1,FALSE,0,0,22
6,6,11,100,3,1,3,0,FALSE,0,0,22
7,7,21,121,3,3,3,0,TRUE,0,0,22
8,8,12,133,3,3,3,0,TRUE,0,0,22
9,9,17,150,5,5,3,3,TRUE,0,0,22
10,10,18,168,3,3,3,0,TRUE,0,0,22
11,11,23,191,3,3,3,0,TRUE,0,0,22
12,12,24,215,2,2,3,1,TRUE,0,0,22
13,13,17,232,3,2,3,0,FALSE,0,0,22
14,14,19,251,3,7,3,0,FALSE,0,0,22
15,15,16,267,3,3,3,0,TRUE,0,0,22
16,16,17,284,2,1,3,1,FALSE,0,0,22
17,17,15,299,2,0,3,1,FALSE,0,0,22
18,18,15,314,1,1,3,2,TRUE,0,0,22
19,19,14,328,3,3,3,0,TRUE,0,0,22
20,20,7,335,4,7,3,3,FALSE,0,0,22
21,21,8,343,3,2,3,0,FALSE,1,1,22
22,22,16,359,5,5,3,3,TRUE,0,0,22
23,23,13,372,0,3,3,2,FALSE,0,0,22
24,24,15,387,1,5,3,2,FALSE,0,0,22
25,25,20,407,3,3,3,0,TRUE,0,0,22
26,26,13,420,3,3,3,0,TRUE,0,0,22
27,27,10,430,1,0,3,2,FALSE,0,0,22
28,28,10,440,2,2,3,1,TRUE,0,0,22
29,29,15,455,6,6,3,3,TRUE,0,0,22
30,30,6,461,7,3,3,3,FALSE,0,0,22
31,31,12,473,3,3,3,0,TRUE,0,0,22
32,32,14,487,3,3,3,0,TRUE,0,0,22
33,33,19,506,2,2,3,1,TRUE,0,0,22
34,34,10,516,5,5,3,3,TRUE,0,0,22
35,35,21,537,0,0,3,2,TRUE,0,0,22
36,36,12,549,0,0,3,2,TRUE,0,0,22
37,37,20,569,0,0,3,2,TRUE,0,0,22
38,38,21,590,3,3,3,0,TRUE,0,0,22
39,39,18,608,3,3,3,0,TRUE,0,0,22
40,40,19,627,3,7,3,0,FALSE,1,2,22
41,41,19,646,4,4,3,3,TRUE,0,0,22
42,42,20,666,3,3,3,0,TRUE,0,0,22
43,43,15,681,3,3,3,0,TRUE,0,0,22
44,44,21,702,2,2,3,1,TRUE,0,0,22
45,45,10,712,3,3,3,0,TRUE,0,0,22
46,46,22,734,4,5,3,3,FALSE,0,0,22
47,47,22,756,2,2,3,1,TRUE,0,0,22
48,48,21,777,2,2,3,1,TRUE,0,0,22
49,49,10,787,3,3,3,0,TRUE,0,0,22
50,50,18,805,3,3,3,0,TRUE,0,0,22
51,51,9,814,3,3,3,0,TRUE,0,0,22
52,52,19,833,1,1,3,2,TRUE,0,0,22
53,53,19,852,5,5,3,3,TRUE,0,0,22
54,54,17,869,2,2,3,1,TRUE,0,0,22
55,55,17,886,3,3,3,0,TRUE,0,0,22
56,56,15,901,1,1,3,2,TRUE,0,0,22
57,57,19,920,3,3,3,0,TRUE,0,0,22
58,58,17,937,1,1,3,2,TRUE,0,0,22
59,59,15,952,2,2,3,1,TRUE,0,0,22
60,60,18,970,3,2,3,0,FALSE,1,3,22
61,61,10,980,3,3,3,0,TRUE,0,0,22
62,62,24,1004,3,3,3,0,TRUE,0,0,22
63,63,16,1020,3,3,3,0,TRUE,0,0,22
64,64,16,1036,3,3,3,0,TRUE,0,0,22
65,65,8,1044,3,7,3,0,FALSE,0,0,22
66,66,22,1066,3,3,3,0,TRUE,0,0,22
67,67,14,1080,3,3,3,0,TRUE,0,0,22
68,68,15,1095,6,6,3,3,TRUE,0,0,22
69,69,20,1115,6,6,3,3,TRUE,0,0,22
70,70,16,1131,2,2,3,1,TRUE,0,0,22
71,71,13,1144,1,1,3,2,TRUE,0,0,22
72,72,12,1156,1,5,3,2,FALSE,0,0,22
73,73,16,1172,6,6,3,3,TRUE,0,0,22
74,74,22,1194,3,3,3,0,TRUE,0,0,22
75,75,17,1211,1,1,3,2,TRUE,0,0,22
76,76,21,1232,2,3,3,1,FALSE,0,0,22
77,77,21,1253,5,5,3,3,TRUE,0,0,22
78,78,11,1264,3,2,3,0,FALSE,0,0,22
79,79,17,1281,1,1,3,2,TRUE,0,0,22
80,80,23,1304,1,1,3,2,TRUE,0,0,22
81,81,23,1327,1,1,3,2,TRUE,0,0,22
82,82,25,1352,6,6,3,3,TRUE,0,0,22
83,83,10,1362,3,7,3,0,FALSE,1,4,22
84,84,12,1374,3,7,3,0,FALSE,0,0,22
85,85,12,1386,3,3,3,0,TRUE,0,0,22
86,86,22,1408,6,6,3,3,TRUE,0,0,22
87,87,12,1420,3,2,3,0,FALSE,0,0,22
88,88,17,1437,3,3,3,0,TRUE,0,0,22
89,89,19,1456,3,3,3,0,TRUE,0,0,22
90,90,20,1476,3,6,3,0,FALSE,0,0,22
91,91,20,1496,3,3,3,0,TRUE,0,0,22
92,92,21,1517,3,3,3,0,TRUE,0,0,22
93,93,18,1535,2,2,3,1,TRUE,0,0,22
94,94,20,1555,2,2,3,1,TRUE,0,0,22
95,95,19,1574,2,2,3,1,TRUE,0,0,22
96,96,22,1596,3,3,3,0,TRUE,0,0,22
97,97,17,1613,4,4,3,3,TRUE,0,0,22
98,98,19,1632,3,3,3,0,TRUE,0,0,22
99,99,18,1650,1,1,3,2,TRUE,0,0,22
0,0,19,19,3,0,2,1,FALSE,0,0,23
1,1,10,29,1,6,2,2,FALSE,0,0,23
2,2,18,47,2,2,2,0,TRUE,0,0,23
3,3,17,64,2,2,2,0,TRUE,0,0,23
4,4,17,81,2,2,2,0,TRUE,0,0,23
5,5,17,98,3,2,2,1,FALSE,0,0,23
6,6,15,113,7,7,2,3,TRUE,0,0,23
7,7,23,136,2,2,2,0,TRUE,0,0,23
8,8,17,153,2,2,2,0,TRUE,0,0,23
9,9,16,169,3,0,2,1,FALSE,0,0,23
10,10,16,185,2,2,2,0,TRUE,0,0,23
11,11,10,195,2,6,2,0,FALSE,0,0,23
12,12,22,217,2,2,2,0,TRUE,0,0,23
13,13,10,227,2,1,2,0,FALSE,0,0,23
14,14,20,247,3,2,2,1,FALSE,0,0,23
15,15,14,261,4,4,2,3,TRUE,0,0,23
16,16,6,267,2,5,2,0,FALSE,0,0,23
17,17,9,276,4,4,2,3,TRUE,0,0,23
18,18,12,288,2,2,2,0,TRUE,0,0,23
19,19,17,305,2,2,2,0,TRUE,0,0,23
20,20,21,326,1,1,2,2,TRUE,0,0,23
21,21,13,339,1,0,2,2,FALSE,0,0,23
22,22,7,346,6,2,2,3,FALSE,0,0,23
23,23,7,353,2,5,2,0,FALSE,1,1,23
24,24,20,373,2,2,2,0,TRUE,0,0,23
25,25,17,390,1,0,2,2,FALSE,0,0,23
26,26,14,404,2,2,2,0,TRUE,0,0,23
27,27,6,410,3,2,2,1,FALSE,0,0,23
28,28,18,428,1,2,2,2,FALSE,0,0,23
29,29,13,441,5,5,2,3,TRUE,0,0,23
30,30,11,452,3,2,2,1,FALSE,0,0,23
31,31,11,463,2,6,2,0,FALSE,0,0,23
32,32,16,479,3,0,2,1,FALSE,0,0,23
33,33,18,497,2,2,2,0,TRUE,0,0,23
34,34,12,509,2,2,2,0,TRUE,0,0,23
35,35,20,529,6,2,2,3,FALSE,0,0,23
36,36,19,548,2,2,2,0,TRUE,0,0,23
37,37,22,570,2,2,2,0,TRUE,0,0,23
38,38,17,587,3,7,2,1,FALSE,0,0,23
39,39,15,602,6,2,2,3,FALSE,0,0,23
40,40,10,612,2,2,2,0,TRUE,1,2,23
41,41,14,626,2,2,2,0,TRUE,0,0,23
42,42,23,649,1,1,2,2,TRUE,0,0,23
43,43,7,656,2,7,2,0,FALSE,0,0,23
44,44,13,669,1,1,2,2,TRUE,0,0,23
45,45,15,684,2,2,2,0,TRUE,0,0,23
46,46,9,693,2,2,2,0,TRUE,0,0,23
47,47,15,708,1,2,2,2,FALSE,0,0,23
48,48,13,721,6,6,2,3,TRUE,0,0,23
49,49,12,733,3,3,2,1,TRUE,0,0,23
50,50,14,747,1,1,2,2,TRUE,0,0,23
51,51,8,755,4,2,2,3,FALSE,0,0,23
52,52,14,769,1,0,2,2,FALSE,0,0,23
53,53,21,790,5,6,2,3,FALSE,0,0,23
54,54,13,803,2,2,2,0,TRUE,0,0,23
55,55,13,816,2,2,2,0,TRUE,0,0,23
56,56,21,837,3,3,2,1,TRUE,0,0,23
57,57,13,850,2,2,2,0,TRUE,0,0,23
58,58,8,858,2,2,2,0,TRUE,0,0,23
59,59,9,867,2,2,2,0,TRUE,0,0,23
60,60,14,881,5,3,2,3,FALSE,0,0,23
61,61,20,901,2,2,2,0,TRUE,1,3,23
62,62,17,918,3,2,2,1,FALSE,0,0,23
63,63,11,929,2,2,2,0,TRUE,0,0,23
64,64,25,954,2,2,2,0,TRUE,0,0,23
65,65,18,972,3,3,2,1,TRUE,0,0,23
66,66,17,989,6,1,2,3,FALSE,0,0,23
67,67,14,1003,3,2,2,1,FALSE,0,0,23
68,68,16,1019,3,3,2,1,TRUE,0,0,23
69,69,13,1032,2,2,2,0,TRUE,0,0,23
70,70,22,1054,2,2,2,0,TRUE,0,0,23
71,71,9,1063,6,1,2,3,FALSE,0,0,23
72,72,15,1078,3,2,2,1,FALSE,0,0,23
73,73,25,1103,2,2,2,0,TRUE,0,0,23
74,74,17,1120,5,5,2,3,TRUE,0,0,23
75,75,20,1140,1,4,2,2,FALSE,0,0,23
76,76,13,1153,2,2,2,0,TRUE,0,0,23
77,77,19,1172,1,1,2,2,TRUE,0,0,23
78,78,21,1193,2,2,2,0,TRUE,0,0,23
79,79,22,1215,2,2,2,0,TRUE,0,0,23
80,80,11,1226,2,2,2,0,TRUE,1,4,23
81,81,15,1241,2,2,2,0,TRUE,0,0,23
82,82,15,1256,1,1,2,2,TRUE,0,0,23
83,83,18,1274,4,1,2,3,FALSE,0,0,23
84,84,15,1289,5,5,2,3,TRUE,0,0,23
85,85,20,1309,2,4,2,0,FALSE,0,0,23
86,86,17,1326,1,0,2,2,FALSE,0,0,23
87,87,9,1335,2,2,2,0,TRUE,0,0,23
88,88,21,1356,3,2,2,1,FALSE,0,0,23
89,89,16,1372,4,5,2,3,FALSE,0,0,23
90,90,13,1385,2,2,2,0,TRUE,0,0,23
91,91,12,1397,1,1,2,2,TRUE,0,0,23
92,92,10,1407,2,2,2,0,TRUE,0,0,23
93,93,13,1420,2,2,2,0,TRUE,0,0,23
94,94,23,1443,3,3,2,1,TRUE,0,0,23
95,95,13,1456,2,2,2,0,TRUE,0,0,23
96,96,19,1475,2,2,2,0,TRUE,0,0,23
97,97,11,1486,2,1,2,0,FALSE,0,0,23
98,98,14,1500,2,2,2,0,TRUE,0,0,23
99,99,21,1521,3,2,2,1,FALSE,0,0,23
0,0,21,21,2,3,2,0,FALSE,0,0,24
1,1,14,35,1,1,2,2,TRUE,0,0,24
2,2,10,45,5,1,2,3,FALSE,0,0,24
3,3,23,68,2,3,2,0,FALSE,0,0,24
4,4,9,77,2,3,2,0,FALSE,0,0,24
5,5,24,101,2,2,2,0,TRUE,0,0,24
6,6,10,111,0,0,2,2,TRUE,0,0,24
7,7,14,125,7,7,2,3,TRUE,0,0,24
8,8,8,133,1,0,2,2,FALSE,0,0,24
9,9,13,146,0,0,2,2,TRUE,0,0,24
10,10,11,157,7,7,2,3,TRUE,0,0,24
11,11,20,177,2,2,2,0,TRUE,0,0,24
12,12,22,199,1,1,2,2,TRUE,0,0,24
13,13,15,214,2,2,2,0,TRUE,0,0,24
14,14,17,231,3,3,2,1,TRUE,0,0,24
15,15,19,250,2,6,2,0,FALSE,0,0,24
16,16,20,270,2,1,2,0,FALSE,0,0,24
17,17,9,279,2,4,2,0,FALSE,0,0,24
18,18,15,294,4,4,2,3,TRUE,0,0,24
19,19,14,308,2,2,2,0,TRUE,0,0,24
20,20,18,326,4,2,2,3,FALSE,0,0,24
21,21,20,346,3,2,2,1,FALSE,0,0,24
22,22,17,363,2,4,2,0,FALSE,1,1,24
23,23,14,377,2,3,2,0,FALSE,0,0,24
24,24,15,392,2,2,2,0,TRUE,0,0,24
25,25,20,412,2,2,2,0,TRUE,0,0,24
26,26,9,421,4,5,2,3,FALSE,0,0,24
27,27,19,440,2,2,2,0,TRUE,0,0,24
28,28,20,460,2,2,2,0,TRUE,0,0,24
29,29,8,468,2,7,2,0,FALSE,0,0,24
30,30,17,485,0,2,2,2,FALSE,0,0,24
31,31,11,496,5,5,2,3,TRUE,0,0,24
32,32,10,506,2,2,2,0,TRUE,0,0,24
33,33,15,521,3,3,2,1,TRUE,0,0,24
34,34,24,545,3,3,2,1,TRUE,0,0,24
35,35,17,562,1,0,2,2,FALSE,0,0,24
36,36,13,575,3,3,2,1,TRUE,0,0,24
37,37,20,595,2,2,2,0,TRUE,0,0,24
38,38,15,610,4,0,2,3,FALSE,0,0,24
39,39,23,633,2,2,2,0,TRUE,0,0,24
40,40,8,641,2,0,2,0,FALSE,1,2,24
41,41,20,661,5,4,2,3,FALSE,0,0,24
42,42,16,677,1,1,2,2,TRUE,0,0,24
43,43,11,688,2,2,2,0,TRUE,0,0,24
44,44,14,702,2,2,2,0,TRUE,0,0,24
45,45,15,717,2,2,2,0,TRUE,0,0,24
46,46,14,731,2,0,2,0,FALSE,0,0,24
47,47,11,742,3,1,2,1,FALSE,0,0,24
48,48,13,755,2,2,2,0,TRUE,0,0,24
49,49,25,780,3,3,2,1,TRUE,0,0,24
50,50,9,789,2,1,2,0,FALSE,0,0,24
51,51,19,808,2,2,2,0,TRUE,0,0,24
52,52,20,828,2,6,2,0,FALSE,0,0,24
53,53,9,837,2,7,2,0,FALSE,0,0,24
54,54,18,855,2,2,2,0,TRUE,0,0,24
55,55,15,870,2,2,2,0,TRUE,0,0,24
56,56,21,891,5,5,2,3,TRUE,0,0,24
57,57,14,905,3,3,2,1,TRUE,0,0,24
58,58,8,913,2,2,2,0,TRUE,0,0,24
59,59,20,933,6,7,2,3,FALSE,0,0,24
60,60,15,948,2,3,2,0,FALSE,1,3,24
61,61,20,968,1,1,2,2,TRUE,0,0,24
62,62,20,988,3,3,2,1,TRUE,0,0,24
63,63,22,1010,2,2,2,0,TRUE,0,0,24
64,64,24,1034,2,2,2,0,TRUE,0,0,24
65,65,19,1053,2,2,2,0,TRUE,0,0,24
66,66,13,1066,1,3,2,2,FALSE,0,0,24
67,67,17,1083,1,0,2,2,FALSE,0,0,24
68,68,16,1099,2,3,2,0,FALSE,0,0,24
69,69,19,1118,4,7,2,3,FALSE,0,0,24
70,70,16,1134,1,1,2,2,TRUE,0,0,24
71,71,21,1155,2,2,2,0,TRUE,0,0,24
72,72,15,1170,4,7,2,3,FALSE,0,0,24
73,73,19,1189,2,2,2,0,TRUE,0,0,24
74,74,10,1199,3,0,2,1,FALSE,0,0,24
75,75,25,1224,1,1,2,2,TRUE,0,0,24
76,76,13,1237,6,5,2,3,FALSE,0,0,24
77,77,14,1251,2,7,2,0,FALSE,0,0,24
78,78,10,1261,2,1,2,0,FALSE,0,0,24
79,79,23,1284,2,2,2,0,TRUE,0,0,24
80,80,12,1296,2,2,2,0,TRUE,1,4,24
81,81,22,1318,2,2,2,0,TRUE,0,0,24
82,82,27,1345,1,1,2,2,TRUE,0,0,24
83,83,20,1365,4,4,2,3,TRUE,0,0,24
84,84,18,1383,3,2,2,1,FALSE,0,0,24
85,85,15,1398,3,3,2,1,TRUE,0,0,24
86,86,17,1415,1,1,2,2,TRUE,0,0,24
87,87,14,1429,3,3,2,1,TRUE,0,0,24
88,88,21,1450,1,1,2,2,TRUE,0,0,24
89,89,19,1469,2,2,2,0,TRUE,0,0,24
90,90,16,1485,5,5,2,3,TRUE,0,0,24
91,91,16,1501,5,5,2,3,TRUE,0,0,24
92,92,17,1518,3,3,2,1,TRUE,0,0,24
93,93,14,1532,2,2,2,0,TRUE,0,0,24
94,94,18,1550,2,2,2,0,TRUE,0,0,24
95,95,19,1569,1,1,2,2,TRUE,0,0,24
96,96,23,1592,5,5,2,3,TRUE,0,0,24
97,97,14,1606,3,3,2,1,TRUE,0,0,24
98,98,10,1616,2,3,2,0,FALSE,0,0,24
99,99,16,1632,2,2,2,0,TRUE,0,0,24
0,0,16,16,5,3,5,0,FALSE,0,0,25
1,1,16,32,4,4,5,1,TRUE,0,0,25
2,2,19,51,3,3,5,3,TRUE,0,0,25
3,3,18,69,5,5,5,0,TRUE,0,0,25
4,4,14,83,5,5,5,0,TRUE,0,0,25
5,5,9,92,5,5,5,0,TRUE,0,0,25
6,6,19,111,1,5,5,3,FALSE,0,0,25
7,7,16,127,4,4,5,1,TRUE,0,0,25
8,8,15,142,5,5,5,0,TRUE,0,0,25
9,9,11,153,5,5,5,0,TRUE,0,0,25
10,10,6,159,0,6,5,3,FALSE,0,0,25
11,11,10,169,0,3,5,3,FALSE,0,0,25
12,12,7,176,1,3,5,3,FALSE,0,0,25
13,13,12,188,5,5,5,0,TRUE,0,0,25
14,14,16,204,0,0,5,3,TRUE,0,0,25
15,15,6,210,0,6,5,3,FALSE,0,0,25
16,16,26,236,5,5,5,0,TRUE,0,0,25
17,17,17,253,7,7,5,2,TRUE,0,0,25
18,18,23,276,5,5,5,0,TRUE,0,0,25
19,19,9,285,5,5,5,0,TRUE,0,0,25
20,20,17,302,2,5,5,3,FALSE,0,0,25
21,21,8,310,5,3,5,0,FALSE,1,1,25
22,22,6,316,1,0,5,3,FALSE,0,0,25
23,23,24,340,5,5,5,0,TRUE,0,0,25
24,24,8,348,4,5,5,1,FALSE,0,0,25
25,25,20,368,5,5,5,0,TRUE,0,0,25
26,26,11,379,4,5,5,1,FALSE,0,0,25
27,27,16,395,5,5,5,0,TRUE,0,0,25
28,28,15,410,5,5,5,0,TRUE,0,0,25
29,29,11,421,6,4,5,2,FALSE,0,0,25
30,30,10,431,5,5,5,0,TRUE,0,0,25
31,31,21,452,0,5,5,3,FALSE,0,0,25
32,32,10,462,5,5,5,0,TRUE,0,0,25
33,33,6,468,0,7,5,3,FALSE,0,0,25
34,34,7,475,6,5,5,2,FALSE,0,0,25
35,35,10,485,5,5,5,0,TRUE,0,0,25
36,36,17,502,5,5,5,0,TRUE,0,0,25
37,37,18,520,6,0,5,2,FALSE,0,0,25
38,38,12,532,5,5,5,0,TRUE,0,0,25
39,39,9,541,6,5,5,2,FALSE,0,0,25
40,40,16,557,5,3,5,0,FALSE,1,2,25
41,41,8,565,4,0,5,1,FALSE,0,0,25
42,42,13,578,1,1,5,3,TRUE,0,0,25
43,43,14,592,3,3,5,3,TRUE,0,0,25
44,44,17,609,1,1,5,3,TRUE,0,0,25
45,45,16,625,6,2,5,2,FALSE,0,0,25
46,46,14,639,5,5,5,0,TRUE,0,0,25
47,47,19,658,5,5,5,0,TRUE,0,0,25
48,48,22,680,5,5,5,0,TRUE,0,0,25
49,49,13,693,5,5,5,0,TRUE,0,0,25
50,50,17,710,5,5,5,0,TRUE,0,0,25
51,51,13,723,3,0,5,3,FALSE,0,0,25
52,52,20,743,4,0,5,1,FALSE,0,0,25
53,53,12,755,3,0,5,3,FALSE,0,0,25
54,54,24,779,5,5,5,0,TRUE,0,0,25
55,55,11,790,5,5,5,0,TRUE,0,0,25
56,56,11,801,6,5,5,2,FALSE,0,0,25
57,57,16,817,4,4,5,1,TRUE,0,0,25
58,58,19,836,6,5,5,2,FALSE,0,0,25
59,59,9,845,5,5,5,0,TRUE,0,0,25
60,60,11,856,5,7,5,0,FALSE,1,3,25
61,61,14,870,5,5,5,0,TRUE,0,0,25
62,62,12,882,5,1,5,0,FALSE,0,0,25
63,63,10,892,6,4,5,2,FALSE,0,0,25
64,64,19,911,5,0,5,0,FALSE,0,0,25
65,65,22,933,5,5,5,0,TRUE,0,0,25
66,66,13,946,5,5,5,0,TRUE,0,0,25
67,67,17,963,4,4,5,1,TRUE,0,0,25
68,68,15,978,6,6,5,2,TRUE,0,0,25
69,69,17,995,5,5,5,0,TRUE,0,0,25
70,70,12,1007,6,5,5,2,FALSE,0,0,25
71,71,17,1024,6,7,5,2,FALSE,0,0,25
72,72,18,1042,4,4,5,1,TRUE,0,0,25
73,73,15,1057,5,4,5,0,FALSE,0,0,25
74,74,16,1073,5,5,5,0,TRUE,0,0,25
75,75,23,1096,2,2,5,3,TRUE,0,0,25
76,76,19,1115,5,5,5,0,TRUE,0,0,25
77,77,15,1130,5,6,5,0,FALSE,0,0,25
78,78,14,1144,2,0,5,3,FALSE,0,0,25
79,79,16,1160,4,4,5,1,TRUE,0,0,25
80,80,14,1174,2,0,5,3,FALSE,0,0,25
81,81,17,1191,3,3,5,3,TRUE,0,0,25
82,82,9,1200,5,5,5,0,TRUE,1,4,25
83,83,17,1217,5,5,5,0,TRUE,0,0,25
84,84,15,1232,4,4,5,1,TRUE,0,0,25
85,85,18,1250,6,5,5,2,FALSE,0,0,25
86,86,12,1262,4,4,5,1,TRUE,0,0,25
87,87,21,1283,5,5,5,0,TRUE,0,0,25
88,88,15,1298,5,5,5,0,TRUE,0,0,25
89,89,14,1312,4,4,5,1,TRUE,0,0,25
90,90,17,1329,5,5,5,0,TRUE,0,0,25
91,91,21,1350,5,5,5,0,TRUE,0,0,25
92,92,23,1373,6,6,5,2,TRUE,0,0,25
93,93,23,1396,5,5,5,0,TRUE,0,0,25
94,94,17,1413,4,4,5,1,TRUE,0,0,25
95,95,22,1435,6,6,5,2,TRUE,0,0,25
96,96,21,1456,5,5,5,0,TRUE,0,0,25
97,97,11,1467,5,5,5,0,TRUE,0,0,25
98,98,22,1489,5,5,5,0,TRUE,0,0,25
99,99,25,1514,3,3,5,3,TRUE,0,0,25
0,0,7,7,2,0,2,0,FALSE,0,0,26
1,1,7,14,2,1,2,0,FALSE,0,0,26
2,2,12,26,2,2,2,0,TRUE,0,0,26
3,3,5,31,4,0,2,3,FALSE,0,0,26
4,4,17,48,0,0,2,2,TRUE,0,0,26
5,5,10,58,1,1,2,2,TRUE,0,0,26
6,6,14,72,1,0,2,2,FALSE,0,0,26
7,7,18,90,2,0,2,0,FALSE,0,0,26
8,8,14,104,2,2,2,0,TRUE,0,0,26
9,9,14,118,2,2,2,0,TRUE,0,0,26
10,10,17,135,2,0,2,0,FALSE,0,0,26
11,11,16,151,7,3,2,3,FALSE,0,0,26
12,12,16,167,0,0,2,2,TRUE,0,0,26
13,13,20,187,1,0,2,2,FALSE,0,0,26
14,14,14,201,0,0,2,2,TRUE,0,0,26
15,15,5,206,2,4,2,0,FALSE,0,0,26
16,16,17,223,2,0,2,0,FALSE,0,0,26
17,17,18,241,2,0,2,0,FALSE,0,0,26
18,18,11,252,2,0,2,0,FALSE,0,0,26
19,19,13,265,2,0,2,0,FALSE,0,0,26
20,20,9,274,1,0,2,2,FALSE,0,0,26
21,21,13,287,2,0,2,0,FALSE,1,1,26
22,22,20,307,1,0,2,2,FALSE,0,0,26
23,23,16,323,0,0,2,2,TRUE,0,0,26
24,24,8,331,4,5,2,3,FALSE,0,0,26
25,25,8,339,2,4,2,0,FALSE,0,0,26
26,26,12,351,2,7,2,0,FALSE,0,0,26
27,27,15,366,2,0,2,0,FALSE,0,0,26
28,28,17,383,5,2,2,3,FALSE,0,0,26
29,29,20,403,0,0,2,2,TRUE,0,0,26
30,30,14,417,2,7,2,0,FALSE,0,0,26
31,31,8,425,1,0,2,2,FALSE,0,0,26
32,32,21,446,0,0,2,2,TRUE,0,0,26
33,33,17,463,1,0,2,2,FALSE,0,0,26
34,34,10,473,2,4,2,0,FALSE,0,0,26
35,35,8,481,2,3,2,0,FALSE,0,0,26
36,36,8,489,2,0,2,0,FALSE,0,0,26
37,37,11,500,3,3,2,1,TRUE,0,0,26
38,38,9,509,0,0,2,2,TRUE,0,0,26
39,39,21,530,1,0,2,2,FALSE,0,0,26
40,40,12,542,6,7,2,3,FALSE,0,0,26
41,41,9,551,2,0,2,0,FALSE,1,2,26
42,42,12,563,2,0,2,0,FALSE,0,0,26
43,43,10,573,2,3,2,0,FALSE,0,0,26
44,44,14,587,2,0,2,0,FALSE,0,0,26
45,45,18,605,3,3,2,1,TRUE,0,0,26
46,46,13,618,6,2,2,3,FALSE,0,0,26
47,47,16,634,2,0,2,0,FALSE,0,0,26
48,48,20,654,6,7,2,3,FALSE,0,0,26
49,49,15,669,5,7,2,3,FALSE,0,0,26
50,50,10,679,1,7,2,2,FALSE,0,0,26
51,51,16,695,2,2,2,0,TRUE,0,0,26
52,52,25,720,3,3,2,1,TRUE,0,0,26
53,53,18,738,2,2,2,0,TRUE,0,0,26
54,54,10,748,2,0,2,0,FALSE,0,0,26
55,55,9,757,2,7,2,0,FALSE,0,0,26
56,56,21,778,2,2,2,0,TRUE,0,0,26
57,57,7,785,2,0,2,0,FALSE,0,0,26
58,58,21,806,2,2,2,0,TRUE,0,0,26
59,59,21,827,2,2,2,0,TRUE,0,0,26
60,60,23,850,3,3,2,1,TRUE,0,0,26
61,61,7,857,5,0,2,3,FALSE,0,0,26
62,62,18,875,2,0,2,0,FALSE,1,3,26
63,63,17,892,3,3,2,1,TRUE,0,0,26
64,64,11,903,3,0,2,1,FALSE,0,0,26
65,65,15,918,1,3,2,2,FALSE,0,0,26
66,66,15,933,2,0,2,0,FALSE,0,0,26
67,67,22,955,2,2,2,0,TRUE,0,0,26
68,68,8,963,2,7,2,0,FALSE,0,0,26
69,69,21,984,5,5,2,3,TRUE,0,0,26
70,70,22,1006,2,2,2,0,TRUE,0,0,26
71,71,11,1017,1,3,2,2,FALSE,0,0,26
72,72,17,1034,3,3,2,1,TRUE,0,0,26
73,73,11,1045,1,7,2,2,FALSE,0,0,26
74,74,23,1068,2,3,2,0,FALSE,0,0,26
75,75,14,1082,2,3,2,0,FALSE,0,0,26
76,76,11,1093,5,0,2,3,FALSE,0,0,26
77,77,20,1113,3,3,2,1,TRUE,0,0,26
78,78,15,1128,2,2,2,0,TRUE,0,0,26
79,79,19,1147,6,7,2,3,FALSE,0,0,26
80,80,15,1162,2,0,2,0,FALSE,1,4,26
81,81,11,1173,1,3,2,2,FALSE,0,0,26
82,82,18,1191,1,1,2,2,TRUE,0,0,26
83,83,12,1203,3,0,2,1,FALSE,0,0,26
84,84,12,1215,6,7,2,3,FALSE,0,0,26
85,85,13,1228,1,0,2,2,FALSE,0,0,26
86,86,19,1247,3,3,2,1,TRUE,0,0,26
87,87,11,1258,6,7,2,3,FALSE,0,0,26
88,88,8,1266,2,0,2,0,FALSE,0,0,26
89,89,18,1284,1,0,2,2,FALSE,0,0,26
90,90,13,1297,2,2,2,0,TRUE,0,0,26
91,91,20,1317,2,2,2,0,TRUE,0,0,26
92,92,13,1330,1,0,2,2,FALSE,0,0,26
93,93,18,1348,2,2,2,0,TRUE,0,0,26
94,94,23,1371,2,2,2,0,TRUE,0,0,26
95,95,13,1384,2,7,2,0,FALSE,0,0,26
96,96,16,1400,1,0,2,2,FALSE,0,0,26
97,97,18,1418,2,2,2,0,TRUE,0,0,26
98,98,22,1440,3,3,2,1,TRUE,0,0,26
99,99,19,1459,2,0,2,0,FALSE,0,0,26
0,0,9,9,2,1,3,1,FALSE,0,0,27
1,1,13,22,4,7,3,3,FALSE,0,0,27
2,2,14,36,3,1,3,0,FALSE,0,0,27
3,3,8,44,3,1,3,0,FALSE,0,0,27
4,4,19,63,3,0,3,0,FALSE,0,0,27
5,5,11,74,3,3,3,0,TRUE,0,0,27
6,6,10,84,3,3,3,0,TRUE,0,0,27
7,7,20,104,2,3,3,1,FALSE,0,0,27
8,8,20,124,3,3,3,0,TRUE,0,0,27
9,9,16,140,3,3,3,0,TRUE,0,0,27
10,10,11,151,1,1,3,2,TRUE,0,0,27
11,11,16,167,3,3,3,0,TRUE,0,0,27
12,12,17,184,3,2,3,0,FALSE,0,0,27
13,13,10,194,2,3,3,1,FALSE,0,0,27
14,14,18,212,2,2,3,1,TRUE,0,0,27
15,15,18,230,3,3,3,0,TRUE,0,0,27
16,16,20,250,3,3,3,0,TRUE,0,0,27
17,17,8,258,0,2,3,2,FALSE,0,0,27
18,18,11,269,3,3,3,0,TRUE,0,0,27
19,19,19,288,2,2,3,1,TRUE,0,0,27
20,20,10,298,1,3,3,2,FALSE,0,0,27
21,21,11,309,2,2,3,1,TRUE,0,0,27
22,22,16,325,3,7,3,0,FALSE,1,1,27
23,23,11,336,3,2,3,0,FALSE,0,0,27
24,24,17,353,3,1,3,0,FALSE,0,0,27
25,25,14,367,6,3,3,3,FALSE,0,0,27
26,26,18,385,3,3,3,0,TRUE,0,0,27
27,27,15,400,2,2,3,1,TRUE,0,0,27
28,28,18,418,3,3,3,0,TRUE,0,0,27
29,29,17,435,3,3,3,0,TRUE,0,0,27
30,30,17,452,0,3,3,2,FALSE,0,0,27
31,31,13,465,0,3,3,2,FALSE,0,0,27
32,32,13,478,4,3,3,3,FALSE,0,0,27
33,33,16,494,4,4,3,3,TRUE,0,0,27
34,34,17,511,2,3,3,1,FALSE,0,0,27
35,35,10,521,3,3,3,0,TRUE,0,0,27
36,36,9,530,5,5,3,3,TRUE,0,0,27
37,37,18,548,5,5,3,3,TRUE,0,0,27
38,38,6,554,2,3,3,1,FALSE,0,0,27
39,39,4,558,3,5,3,0,FALSE,0,0,27
40,40,19,577,1,3,3,2,FALSE,0,0,27
41,41,10,587,3,5,3,0,FALSE,1,2,27
42,42,16,603,4,4,3,3,TRUE,0,0,27
43,43,9,612,3,3,3,0,TRUE,0,0,27
44,44,21,633,3,3,3,0,TRUE,0,0,27
45,45,20,653,3,3,3,0,TRUE,0,0,27
46,46,25,678,5,5,3,3,TRUE,0,0,27
47,47,24,702,2,2,3,1,TRUE,0,0,27
48,48,19,721,3,3,3,0,TRUE,0,0,27
49,49,13,734,4,3,3,3,FALSE,0,0,27
50,50,18,752,3,3,3,0,TRUE,0,0,27
51,51,15,767,2,1,3,1,FALSE,0,0,27
52,52,10,777,3,3,3,0,TRUE,0,0,27
53,53,17,794,1,3,3,2,FALSE,0,0,27
54,54,18,812,6,6,3,3,TRUE,0,0,27
55,55,24,836,3,3,3,0,TRUE,0,0,27
56,56,12,848,3,3,3,0,TRUE,0,0,27
57,57,8,856,4,3,3,3,FALSE,0,0,27
58,58,9,865,1,5,3,2,FALSE,0,0,27
59,59,14,879,3,3,3,0,TRUE,0,0,27
60,60,12,891,2,3,3,1,FALSE,0,0,27
61,61,15,906,2,2,3,1,TRUE,0,0,27
62,62,11,917,3,3,3,0,TRUE,1,3,27
63,63,14,931,1,0,3,2,FALSE,0,0,27
64,64,19,950,3,3,3,0,TRUE,0,0,27
65,65,14,964,2,2,3,1,TRUE,0,0,27
66,66,18,982,3,3,3,0,TRUE,0,0,27
67,67,23,1005,1,1,3,2,TRUE,0,0,27
68,68,24,1029,3,3,3,0,TRUE,0,0,27
69,69,10,1039,3,3,3,0,TRUE,0,0,27
70,70,21,1060,4,4,3,3,TRUE,0,0,27
71,71,22,1082,3,3,3,0,TRUE,0,0,27
72,72,17,1099,3,1,3,0,FALSE,0,0,27
73,73,16,1115,5,5,3,3,TRUE,0,0,27
74,74,18,1133,2,2,3,1,TRUE,0,0,27
75,75,15,1148,3,3,3,0,TRUE,0,0,27
76,76,18,1166,3,3,3,0,TRUE,0,0,27
77,77,16,1182,2,7,3,1,FALSE,0,0,27
78,78,14,1196,1,1,3,2,TRUE,0,0,27
79,79,16,1212,5,5,3,3,TRUE,0,0,27
80,80,16,1228,3,3,3,0,TRUE,1,4,27
81,81,11,1239,2,3,3,1,FALSE,0,0,27
82,82,23,1262,2,2,3,1,TRUE,0,0,27
83,83,13,1275,1,1,3,2,TRUE,0,0,27
84,84,17,1292,3,3,3,0,TRUE,0,0,27
85,85,19,1311,3,3,3,0,TRUE,0,0,27
86,86,22,1333,3,3,3,0,TRUE,0,0,27
87,87,16,1349,3,3,3,0,TRUE,0,0,27
88,88,24,1373,3,3,3,0,TRUE,0,0,27
89,89,21,1394,2,2,3,1,TRUE,0,0,27
90,90,22,1416,3,3,3,0,TRUE,0,0,27
91,91,16,1432,1,5,3,2,FALSE,0,0,27
92,92,13,1445,1,6,3,2,FALSE,0,0,27
93,93,21,1466,3,3,3,0,TRUE,0,0,27
94,94,19,1485,4,4,3,3,TRUE,0,0,27
95,95,21,1506,3,3,3,0,TRUE,0,0,27
96,96,15,1521,6,6,3,3,TRUE,0,0,27
97,97,21,1542,1,2,3,2,FALSE,0,0,27
98,98,20,1562,3,3,3,0,TRUE,0,0,27
99,99,16,1578,3,3,3,0,TRUE,0,0,27
0,0,11,11,4,5,4,0,FALSE,0,0,28
1,1,22,33,4,4,4,0,TRUE,0,0,28
2,2,14,47,4,4,4,0,TRUE,0,0,28
3,3,12,59,6,4,4,2,FALSE,0,0,28
4,4,16,75,4,4,4,0,TRUE,0,0,28
5,5,13,88,2,2,4,3,TRUE,0,0,28
6,6,13,101,4,4,4,0,TRUE,0,0,28
7,7,22,123,7,7,4,2,TRUE,0,0,28
8,8,23,146,4,4,4,0,TRUE,0,0,28
9,9,8,154,4,4,4,0,TRUE,0,0,28
10,10,21,175,4,4,4,0,TRUE,0,0,28
11,11,17,192,3,2,4,3,FALSE,0,0,28
12,12,13,205,4,4,4,0,TRUE,0,0,28
13,13,15,220,5,5,4,1,TRUE,0,0,28
14,14,16,236,5,4,4,1,FALSE,0,0,28
15,15,14,250,0,0,4,3,TRUE,0,0,28
16,16,20,270,4,4,4,0,TRUE,0,0,28
17,17,12,282,7,7,4,2,TRUE,0,0,28
18,18,20,302,4,4,4,0,TRUE,0,0,28
19,19,21,323,4,4,4,0,TRUE,0,0,28
20,20,18,341,5,5,4,1,TRUE,0,0,28
21,21,10,351,5,5,4,1,TRUE,0,0,28
22,22,19,370,4,4,4,0,TRUE,1,1,28
23,23,12,382,4,4,4,0,TRUE,0,0,28
24,24,12,394,5,5,4,1,TRUE,0,0,28
25,25,9,403,4,4,4,0,TRUE,0,0,28
26,26,18,421,3,1,4,3,FALSE,0,0,28
27,27,13,434,4,4,4,0,TRUE,0,0,28
28,28,21,455,5,5,4,1,TRUE,0,0,28
29,29,21,476,4,4,4,0,TRUE,0,0,28
30,30,17,493,4,4,4,0,TRUE,0,0,28
31,31,15,508,4,4,4,0,TRUE,0,0,28
32,32,14,522,1,0,4,3,FALSE,0,0,28
33,33,7,529,6,4,4,2,FALSE,0,0,28
34,34,14,543,6,4,4,2,FALSE,0,0,28
35,35,19,562,0,0,4,3,TRUE,0,0,28
36,36,22,584,4,4,4,0,TRUE,0,0,28
37,37,19,603,5,5,4,1,TRUE,0,0,28
38,38,17,620,7,7,4,2,TRUE,0,0,28
39,39,16,636,5,5,4,1,TRUE,0,0,28
40,40,13,649,4,4,4,0,TRUE,1,2,28
41,41,22,671,3,3,4,3,TRUE,0,0,28
42,42,14,685,3,1,4,3,FALSE,0,0,28
43,43,17,702,4,4,4,0,TRUE,0,0,28
44,44,17,719,6,7,4,2,FALSE,0,0,28
45,45,21,740,4,4,4,0,TRUE,0,0,28
46,46,16,756,4,4,4,0,TRUE,0,0,28
47,47,14,770,2,2,4,3,TRUE,0,0,28
48,48,14,784,5,5,4,1,TRUE,0,0,28
49,49,21,805,4,4,4,0,TRUE,0,0,28
50,50,12,817,4,4,4,0,TRUE,0,0,28
51,51,21,838,4,4,4,0,TRUE,0,0,28
52,52,19,857,4,4,4,0,TRUE,0,0,28
53,53,17,874,4,4,4,0,TRUE,0,0,28
54,54,22,896,4,4,4,0,TRUE,0,0,28
55,55,19,915,3,3,4,3,TRUE,0,0,28
56,56,17,932,4,4,4,0,TRUE,0,0,28
57,57,14,946,4,4,4,0,TRUE,0,0,28
58,58,11,957,6,7,4,2,FALSE,0,0,28
59,59,18,975,5,5,4,1,TRUE,0,0,28
60,60,18,993,4,4,4,0,TRUE,1,3,28
61,61,14,1007,5,5,4,1,TRUE,0,0,28
62,62,23,1030,5,5,4,1,TRUE,0,0,28
63,63,12,1042,6,4,4,2,FALSE,0,0,28
64,64,18,1060,5,5,4,1,TRUE,0,0,28
65,65,15,1075,5,5,4,1,TRUE,0,0,28
66,66,20,1095,1,1,4,3,TRUE,0,0,28
67,67,23,1118,4,4,4,0,TRUE,0,0,28
68,68,21,1139,4,4,4,0,TRUE,0,0,28
69,69,23,1162,4,4,4,0,TRUE,0,0,28
70,70,16,1178,4,4,4,0,TRUE,0,0,28
71,71,17,1195,6,7,4,2,FALSE,0,0,28
72,72,14,1209,3,3,4,3,TRUE,0,0,28
73,73,11,1220,5,5,4,1,TRUE,0,0,28
74,74,17,1237,2,0,4,3,FALSE,0,0,28
75,75,18,1255,5,5,4,1,TRUE,0,0,28
76,76,14,1269,5,5,4,1,TRUE,0,0,28
77,77,22,1291,6,7,4,2,FALSE,0,0,28
78,78,18,1309,4,4,4,0,TRUE,0,0,28
79,79,13,1322,4,4,4,0,TRUE,0,0,28
80,80,12,1334,4,7,4,0,FALSE,1,4,28
81,81,18,1352,4,4,4,0,TRUE,0,0,28
82,82,16,1368,6,6,4,2,TRUE,0,0,28
83,83,17,1385,2,2,4,3,TRUE,0,0,28
84,84,20,1405,4,4,4,0,TRUE,0,0,28
85,85,21,1426,4,4,4,0,TRUE,0,0,28
86,86,21,1447,4,4,4,0,TRUE,0,0,28
87,87,22,1469,4,4,4,0,TRUE,0,0,28
88,88,11,1480,4,4,4,0,TRUE,0,0,28
89,89,17,1497,6,6,4,2,TRUE,0,0,28
90,90,13,1510,4,4,4,0,TRUE,0,0,28
91,91,22,1532,6,6,4,2,TRUE,0,0,28
92,92,16,1548,3,2,4,3,FALSE,0,0,28
93,93,17,1565,6,6,4,2,TRUE,0,0,28
94,94,22,1587,6,6,4,2,TRUE,0,0,28
95,95,14,1601,4,4,4,0,TRUE,0,0,28
96,96,8,1609,4,4,4,0,TRUE,0,0,28
97,97,16,1625,4,4,4,0,TRUE,0,0,28
98,98,19,1644,5,5,4,1,TRUE,0,0,28
99,99,21,1665,3,3,4,3,TRUE,0,0,28
0,0,21,21,4,4,4,0,TRUE,0,0,29
1,1,11,32,7,7,4,2,TRUE,0,0,29
2,2,21,53,7,7,4,2,TRUE,0,0,29
3,3,13,66,4,5,4,0,FALSE,0,0,29
4,4,10,76,4,4,4,0,TRUE,0,0,29
5,5,10,86,5,5,4,1,TRUE,0,0,29
6,6,25,111,4,4,4,0,TRUE,0,0,29
7,7,19,130,5,4,4,1,FALSE,0,0,29
8,8,15,145,4,4,4,0,TRUE,0,0,29
9,9,7,152,4,4,4,0,TRUE,0,0,29
10,10,14,166,5,5,4,1,TRUE,0,0,29
11,11,17,183,5,5,4,1,TRUE,0,0,29
12,12,12,195,6,0,4,2,FALSE,0,0,29
13,13,13,208,4,4,4,0,TRUE,0,0,29
14,14,15,223,4,4,4,0,TRUE,0,0,29
15,15,22,245,4,4,4,0,TRUE,0,0,29
16,16,21,266,4,4,4,0,TRUE,0,0,29
17,17,20,286,5,5,4,1,TRUE,0,0,29
18,18,16,302,7,7,4,2,TRUE,0,0,29
19,19,13,315,4,4,4,0,TRUE,0,0,29
20,20,18,333,4,4,4,0,TRUE,1,1,29
21,21,7,340,1,4,4,3,FALSE,0,0,29
22,22,15,355,4,5,4,0,FALSE,0,0,29
23,23,15,370,4,4,4,0,TRUE,0,0,29
24,24,21,391,5,7,4,1,FALSE,0,0,29
25,25,14,405,4,4,4,0,TRUE,0,0,29
26,26,8,413,6,7,4,2,FALSE,0,0,29
27,27,11,424,5,5,4,1,TRUE,0,0,29
28,28,19,443,4,4,4,0,TRUE,0,0,29
29,29,11,454,5,4,4,1,FALSE,0,0,29
30,30,13,467,2,4,4,3,FALSE,0,0,29
31,31,20,487,4,4,4,0,TRUE,0,0,29
32,32,19,506,4,7,4,0,FALSE,0,0,29
33,33,15,521,4,4,4,0,TRUE,0,0,29
34,34,14,535,7,7,4,2,TRUE,0,0,29
35,35,18,553,2,2,4,3,TRUE,0,0,29
36,36,22,575,6,7,4,2,FALSE,0,0,29
37,37,22,597,4,4,4,0,TRUE,0,0,29
38,38,7,604,2,7,4,3,FALSE,0,0,29
39,39,8,612,5,4,4,1,FALSE,0,0,29
40,40,17,629,4,4,4,0,TRUE,1,2,29
41,41,12,641,4,4,4,0,TRUE,0,0,29
42,42,22,663,4,4,4,0,TRUE,0,0,29
43,43,14,677,5,2,4,1,FALSE,0,0,29
44,44,21,698,5,5,4,1,TRUE,0,0,29
45,45,11,709,4,3,4,0,FALSE,0,0,29
46,46,11,720,4,4,4,0,TRUE,0,0,29
47,47,18,738,5,5,4,1,TRUE,0,0,29
48,48,18,756,6,7,4,2,FALSE,0,0,29
49,49,14,770,4,4,4,0,TRUE,0,0,29
50,50,11,781,4,4,4,0,TRUE,0,0,29
51,51,22,803,5,5,4,1,TRUE,0,0,29
52,52,12,815,6,5,4,2,FALSE,0,0,29
53,53,17,832,5,5,4,1,TRUE,0,0,29
54,54,17,849,6,7,4,2,FALSE,0,0,29
55,55,24,873,3,3,4,3,TRUE,0,0,29
56,56,11,884,4,4,4,0,TRUE,0,0,29
57,57,20,904,4,4,4,0,TRUE,0,0,29
58,58,13,917,4,4,4,0,TRUE,0,0,29
59,59,11,928,4,4,4,0,TRUE,0,0,29
60,60,17,945,4,4,4,0,TRUE,1,3,29
61,61,14,959,6,4,4,2,FALSE,0,0,29
62,62,25,984,4,4,4,0,TRUE,0,0,29
63,63,16,1000,4,4,4,0,TRUE,0,0,29
64,64,22,1022,2,2,4,3,TRUE,0,0,29
65,65,23,1045,2,2,4,3,TRUE,0,0,29
66,66,22,1067,4,4,4,0,TRUE,0,0,29
67,67,23,1090,6,6,4,2,TRUE,0,0,29
68,68,21,1111,2,3,4,3,FALSE,0,0,29
69,69,13,1124,4,4,4,0,TRUE,0,0,29
70,70,18,1142,2,2,4,3,TRUE,0,0,29
71,71,22,1164,4,4,4,0,TRUE,0,0,29
72,72,13,1177,4,4,4,0,TRUE,0,0,29
73,73,12,1189,5,5,4,1,TRUE,0,0,29
74,74,22,1211,4,4,4,0,TRUE,0,0,29
75,75,15,1226,6,6,4,2,TRUE,0,0,29
76,76,7,1233,4,7,4,0,FALSE,0,0,29
77,77,21,1254,5,5,4,1,TRUE,0,0,29
78,78,9,1263,4,4,4,0,TRUE,0,0,29
79,79,8,1271,4,4,4,0,TRUE,0,0,29
80,80,12,1283,5,5,4,1,TRUE,0,0,29
81,81,11,1294,4,4,4,0,TRUE,1,4,29
82,82,11,1305,6,4,4,2,FALSE,0,0,29
83,83,14,1319,1,0,4,3,FALSE,0,0,29
84,84,22,1341,4,4,4,0,TRUE,0,0,29
85,85,19,1360,1,1,4,3,TRUE,0,0,29
86,86,13,1373,1,1,4,3,TRUE,0,0,29
87,87,13,1386,5,4,4,1,FALSE,0,0,29
88,88,15,1401,6,6,4,2,TRUE,0,0,29
89,89,10,1411,4,4,4,0,TRUE,0,0,29
90,90,9,1420,4,4,4,0,TRUE,0,0,29
91,91,25,1445,5,5,4,1,TRUE,0,0,29
92,92,11,1456,6,4,4,2,FALSE,0,0,29
93,93,13,1469,6,7,4,2,FALSE,0,0,29
94,94,15,1484,4,4,4,0,TRUE,0,0,29
95,95,16,1500,3,2,4,3,FALSE,0,0,29
96,96,22,1522,4,4,4,0,TRUE,0,0,29
97,97,16,1538,4,4,4,0,TRUE,0,0,29
98,98,21,1559,4,1,4,0,FALSE,0,0,29
99,99,13,1572,3,5,4,3,FALSE,0,0,29
0,0,5,5,4,6,4,0,FALSE,0,0,3
1,1,12,17,4,4,4,0,TRUE,0,0,3
2,2,15,32,4,4,4,0,TRUE,0,0,3
3,3,20,52,4,4,4,0,TRUE,0,0,3
4,4,13,65,4,4,4,0,TRUE,0,0,3
5,5,23,88,4,4,4,0,TRUE,0,0,3
6,6,23,111,4,4,4,0,TRUE,0,0,3
7,7,19,130,4,4,4,0,TRUE,0,0,3
8,8,10,140,4,4,4,0,TRUE,0,0,3
9,9,14,154,7,0,4,2,FALSE,0,0,3
10,10,10,164,5,5,4,1,TRUE,0,0,3
11,11,16,180,4,4,4,0,TRUE,0,0,3
12,12,11,191,3,5,4,3,FALSE,0,0,3
13,13,17,208,6,6,4,2,TRUE,0,0,3
14,14,18,226,2,2,4,3,TRUE,0,0,3
15,15,10,236,7,7,4,2,TRUE,0,0,3
16,16,15,251,5,0,4,1,FALSE,0,0,3
17,17,20,271,4,4,4,0,TRUE,0,0,3
18,18,15,286,2,0,4,3,FALSE,0,0,3
19,19,7,293,7,7,4,2,TRUE,0,0,3
20,20,18,311,4,1,4,0,FALSE,1,1,3
21,21,17,328,4,4,4,0,TRUE,0,0,3
22,22,18,346,4,4,4,0,TRUE,0,0,3
23,23,19,365,4,1,4,0,FALSE,0,0,3
24,24,21,386,0,0,4,3,TRUE,0,0,3
25,25,26,412,4,4,4,0,TRUE,0,0,3
26,26,20,432,6,4,4,2,FALSE,0,0,3
27,27,12,444,5,5,4,1,TRUE,0,0,3
28,28,9,453,4,4,4,0,TRUE,0,0,3
29,29,12,465,5,5,4,1,TRUE,0,0,3
30,30,21,486,4,4,4,0,TRUE,0,0,3
31,31,16,502,5,5,4,1,TRUE,0,0,3
32,32,16,518,1,1,4,3,TRUE,0,0,3
33,33,17,535,0,0,4,3,TRUE,0,0,3
34,34,12,547,4,4,4,0,TRUE,0,0,3
35,35,16,563,5,5,4,1,TRUE,0,0,3
36,36,10,573,7,4,4,2,FALSE,0,0,3
37,37,13,586,4,4,4,0,TRUE,0,0,3
38,38,7,593,6,4,4,2,FALSE,0,0,3
39,39,23,616,6,6,4,2,TRUE,0,0,3
40,40,14,630,5,5,4,1,TRUE,0,0,3
41,41,8,638,4,0,4,0,FALSE,1,2,3
42,42,16,654,2,0,4,3,FALSE,0,0,3
43,43,21,675,4,4,4,0,TRUE,0,0,3
44,44,15,690,5,5,4,1,TRUE,0,0,3
45,45,8,698,4,5,4,0,FALSE,0,0,3
46,46,19,717,4,5,4,0,FALSE,0,0,3
47,47,14,731,4,4,4,0,TRUE,0,0,3
48,48,15,746,6,6,4,2,TRUE,0,0,3
49,49,9,755,4,0,4,0,FALSE,0,0,3
50,50,22,777,5,5,4,1,TRUE,0,0,3
51,51,10,787,4,4,4,0,TRUE,0,0,3
52,52,15,802,1,0,4,3,FALSE,0,0,3
53,53,21,823,1,1,4,3,TRUE,0,0,3
54,54,18,841,4,6,4,0,FALSE,0,0,3
55,55,24,865,4,4,4,0,TRUE,0,0,3
56,56,23,888,6,7,4,2,FALSE,0,0,3
57,57,18,906,4,4,4,0,TRUE,0,0,3
58,58,18,924,5,5,4,1,TRUE,0,0,3
59,59,24,948,4,4,4,0,TRUE,0,0,3
60,60,16,964,1,1,4,3,TRUE,0,0,3
61,61,15,979,5,5,4,1,TRUE,0,0,3
62,62,19,998,6,7,4,2,FALSE,0,0,3
63,63,24,1022,5,5,4,1,TRUE,0,0,3
64,64,15,1037,4,5,4,0,FALSE,1,3,3
65,65,15,1052,2,2,4,3,TRUE,0,0,3
66,66,18,1070,6,2,4,2,FALSE,0,0,3
67,67,22,1092,4,4,4,0,TRUE,0,0,3
68,68,17,1109,6,7,4,2,FALSE,0,0,3
69,69,16,1125,4,4,4,0,TRUE,0,0,3
70,70,17,1142,5,5,4,1,TRUE,0,0,3
71,71,17,1159,4,4,4,0,TRUE,0,0,3
72,72,18,1177,6,7,4,2,FALSE,0,0,3
73,73,11,1188,2,0,4,3,FALSE,0,0,3
74,74,11,1199,4,4,4,0,TRUE,0,0,3
75,75,23,1222,4,4,4,0,TRUE,0,0,3
76,76,12,1234,4,4,4,0,TRUE,0,0,3
77,77,12,1246,4,4,4,0,TRUE,0,0,3
78,78,11,1257,4,4,4,0,TRUE,0,0,3
79,79,14,1271,4,4,4,0,TRUE,0,0,3
80,80,20,1291,6,6,4,2,TRUE,0,0,3
81,81,16,1307,5,5,4,1,TRUE,0,0,3
82,82,9,1316,4,5,4,0,FALSE,1,4,3
83,83,24,1340,5,5,4,1,TRUE,0,0,3
84,84,16,1356,6,6,4,2,TRUE,0,0,3
85,85,15,1371,4,4,4,0,TRUE,0,0,3
86,86,17,1388,5,5,4,1,TRUE,0,0,3
87,87,22,1410,4,4,4,0,TRUE,0,0,3
88,88,22,1432,1,1,4,3,TRUE,0,0,3
89,89,10,1442,4,4,4,0,TRUE,0,0,3
90,90,18,1460,4,4,4,0,TRUE,0,0,3
91,91,15,1475,4,4,4,0,TRUE,0,0,3
92,92,19,1494,3,3,4,3,TRUE,0,0,3
93,93,14,1508,4,4,4,0,TRUE,0,0,3
94,94,23,1531,6,6,4,2,TRUE,0,0,3
95,95,18,1549,3,0,4,3,FALSE,0,0,3
96,96,15,1564,2,2,4,3,TRUE,0,0,3
97,97,15,1579,6,6,4,2,TRUE,0,0,3
98,98,17,1596,4,4,4,0,TRUE,0,0,3
99,99,20,1616,4,4,4,0,TRUE,0,0,3
0,0,15,15,0,0,5,3,TRUE,0,0,30
1,1,11,26,5,5,5,0,TRUE,0,0,30
2,2,9,35,1,6,5,3,FALSE,0,0,30
3,3,13,48,5,5,5,0,TRUE,0,0,30
4,4,11,59,5,5,5,0,TRUE,0,0,30
5,5,17,76,5,5,5,0,TRUE,0,0,30
6,6,8,84,5,5,5,0,TRUE,0,0,30
7,7,14,98,4,4,5,1,TRUE,0,0,30
8,8,15,113,7,4,5,2,FALSE,0,0,30
9,9,13,126,4,4,5,1,TRUE,0,0,30
10,10,22,148,4,4,5,1,TRUE,0,0,30
11,11,8,156,2,4,5,3,FALSE,0,0,30
12,12,8,164,4,4,5,1,TRUE,0,0,30
13,13,17,181,7,6,5,2,FALSE,0,0,30
14,14,23,204,5,5,5,0,TRUE,0,0,30
15,15,19,223,2,5,5,3,FALSE,0,0,30
16,16,10,233,5,5,5,0,TRUE,0,0,30
17,17,17,250,5,5,5,0,TRUE,0,0,30
18,18,18,268,5,5,5,0,TRUE,0,0,30
19,19,15,283,5,5,5,0,TRUE,0,0,30
20,20,19,302,4,4,5,1,TRUE,0,0,30
21,21,10,312,6,7,5,2,FALSE,0,0,30
22,22,13,325,5,5,5,0,TRUE,1,1,30
23,23,20,345,4,4,5,1,TRUE,0,0,30
24,24,13,358,7,5,5,2,FALSE,0,0,30
25,25,14,372,5,5,5,0,TRUE,0,0,30
26,26,18,390,5,0,5,0,FALSE,0,0,30
27,27,19,409,4,4,5,1,TRUE,0,0,30
28,28,17,426,4,4,5,1,TRUE,0,0,30
29,29,20,446,4,4,5,1,TRUE,0,0,30
30,30,22,468,4,4,5,1,TRUE,0,0,30
31,31,18,486,2,0,5,3,FALSE,0,0,30
32,32,14,500,5,5,5,0,TRUE,0,0,30
33,33,10,510,5,5,5,0,TRUE,0,0,30
34,34,22,532,5,5,5,0,TRUE,0,0,30
35,35,11,543,5,4,5,0,FALSE,0,0,30
36,36,17,560,5,5,5,0,TRUE,0,0,30
37,37,18,578,5,5,5,0,TRUE,0,0,30
38,38,10,588,5,7,5,0,FALSE,0,0,30
39,39,13,601,4,0,5,1,FALSE,0,0,30
40,40,13,614,5,5,5,0,TRUE,1,2,30
41,41,10,624,1,3,5,3,FALSE,0,0,30
42,42,17,641,5,5,5,0,TRUE,0,0,30
43,43,17,658,4,4,5,1,TRUE,0,0,30
44,44,20,678,5,5,5,0,TRUE,0,0,30
45,45,19,697,4,5,5,1,FALSE,0,0,30
46,46,11,708,6,5,5,2,FALSE,0,0,30
47,47,14,722,5,5,5,0,TRUE,0,0,30
48,48,20,742,5,5,5,0,TRUE,0,0,30
49,49,23,765,4,4,5,1,TRUE,0,0,30
50,50,11,776,6,7,5,2,FALSE,0,0,30
51,51,20,796,5,5,5,0,TRUE,0,0,30
52,52,16,812,6,7,5,2,FALSE,0,0,30
53,53,15,827,5,5,5,0,TRUE,0,0,30
54,54,8,835,5,5,5,0,TRUE,0,0,30
55,55,11,846,1,5,5,3,FALSE,0,0,30
56,56,17,863,2,0,5,3,FALSE,0,0,30
57,57,18,881,3,1,5,3,FALSE,0,0,30
58,58,14,895,5,5,5,0,TRUE,0,0,30
59,59,24,919,5,5,5,0,TRUE,0,0,30
60,60,24,943,4,4,5,1,TRUE,0,0,30
61,61,20,963,5,4,5,0,FALSE,1,3,30
62,62,10,973,3,0,5,3,FALSE,0,0,30
63,63,9,982,1,4,5,3,FALSE,0,0,30
64,64,14,996,5,5,5,0,TRUE,0,0,30
65,65,15,1011,3,5,5,3,FALSE,0,0,30
66,66,9,1020,5,5,5,0,TRUE,0,0,30
67,67,21,1041,5,5,5,0,TRUE,0,0,30
68,68,13,1054,5,5,5,0,TRUE,0,0,30
69,69,14,1068,2,1,5,3,FALSE,0,0,30
70,70,21,1089,6,5,5,2,FALSE,0,0,30
71,71,16,1105,5,5,5,0,TRUE,0,0,30
72,72,11,1116,1,7,5,3,FALSE,0,0,30
73,73,20,1136,5,0,5,0,FALSE,0,0,30
74,74,12,1148,4,4,5,1,TRUE,0,0,30
75,75,8,1156,6,1,5,2,FALSE,0,0,30
76,76,20,1176,5,5,5,0,TRUE,0,0,30
77,77,14,1190,6,6,5,2,TRUE,0,0,30
78,78,14,1204,5,5,5,0,TRUE,0,0,30
79,79,13,1217,4,5,5,1,FALSE,0,0,30
80,80,10,1227,5,5,5,0,TRUE,1,4,30
81,81,15,1242,4,4,5,1,TRUE,0,0,30
82,82,15,1257,5,5,5,0,TRUE,0,0,30
83,83,22,1279,6,4,5,2,FALSE,0,0,30
84,84,14,1293,3,6,5,3,FALSE,0,0,30
85,85,15,1308,5,5,5,0,TRUE,0,0,30
86,86,11,1319,5,5,5,0,TRUE,0,0,30
87,87,15,1334,5,5,5,0,TRUE,0,0,30
88,88,20,1354,6,6,5,2,TRUE,0,0,30
89,89,14,1368,5,5,5,0,TRUE,0,0,30
90,90,10,1378,5,5,5,0,TRUE,0,0,30
91,91,17,1395,4,4,5,1,TRUE,0,0,30
92,92,11,1406,5,5,5,0,TRUE,0,0,30
93,93,14,1420,6,6,5,2,TRUE,0,0,30
94,94,16,1436,5,5,5,0,TRUE,0,0,30
95,95,22,1458,6,6,5,2,TRUE,0,0,30
96,96,24,1482,4,4,5,1,TRUE,0,0,30
97,97,10,1492,5,5,5,0,TRUE,0,0,30
98,98,21,1513,5,5,5,0,TRUE,0,0,30
99,99,25,1538,4,4,5,1,TRUE,0,0,30
0,0,11,11,2,2,2,0,TRUE,0,0,4
1,1,9,20,0,0,2,2,TRUE,0,0,4
2,2,20,40,2,2,2,0,TRUE,0,0,4
3,3,9,49,7,7,2,3,TRUE,0,0,4
4,4,24,73,1,1,2,2,TRUE,0,0,4
5,5,9,82,1,1,2,2,TRUE,0,0,4
6,6,18,100,2,2,2,0,TRUE,0,0,4
7,7,8,108,2,5,2,0,FALSE,0,0,4
8,8,17,125,5,5,2,3,TRUE,0,0,4
9,9,18,143,2,0,2,0,FALSE,0,0,4
10,10,19,162,2,2,2,0,TRUE,0,0,4
11,11,14,176,2,2,2,0,TRUE,0,0,4
12,12,20,196,0,0,2,2,TRUE,0,0,4
13,13,21,217,3,7,2,1,FALSE,0,0,4
14,14,6,223,3,7,2,1,FALSE,0,0,4
15,15,19,242,2,2,2,0,TRUE,0,0,4
16,16,21,263,7,7,2,3,TRUE,0,0,4
17,17,22,285,4,4,2,3,TRUE,0,0,4
18,18,14,299,1,0,2,2,FALSE,0,0,4
19,19,8,307,2,2,2,0,TRUE,0,0,4
20,20,5,312,2,5,2,0,FALSE,1,1,4
21,21,9,321,7,7,2,3,TRUE,0,0,4
22,22,20,341,5,7,2,3,FALSE,0,0,4
23,23,11,352,3,3,2,1,TRUE,0,0,4
24,24,10,362,2,2,2,0,TRUE,0,0,4
25,25,16,378,2,2,2,0,TRUE,0,0,4
26,26,16,394,6,2,2,3,FALSE,0,0,4
27,27,23,417,2,2,2,0,TRUE,0,0,4
28,28,21,438,1,0,2,2,FALSE,0,0,4
29,29,22,460,2,2,2,0,TRUE,0,0,4
30,30,16,476,2,2,2,0,TRUE,0,0,4
31,31,17,493,4,4,2,3,TRUE,0,0,4
32,32,10,503,3,2,2,1,FALSE,0,0,4
33,33,13,516,2,3,2,0,FALSE,0,0,4
34,34,15,531,2,2,2,0,TRUE,0,0,4
35,35,15,546,2,2,2,0,TRUE,0,0,4
36,36,17,563,2,2,2,0,TRUE,0,0,4
37,37,11,574,3,7,2,1,FALSE,0,0,4
38,38,23,597,2,2,2,0,TRUE,0,0,4
39,39,21,618,0,0,2,2,TRUE,0,0,4
40,40,24,642,5,5,2,3,TRUE,0,0,4
41,41,23,665,2,2,2,0,TRUE,1,2,4
42,42,23,688,3,3,2,1,TRUE,0,0,4
43,43,24,712,1,1,2,2,TRUE,0,0,4
44,44,21,733,2,2,2,0,TRUE,0,0,4
45,45,19,752,2,2,2,0,TRUE,0,0,4
46,46,25,777,3,3,2,1,TRUE,0,0,4
47,47,18,795,2,2,2,0,TRUE,0,0,4
48,48,22,817,2,2,2,0,TRUE,0,0,4
49,49,17,834,2,0,2,0,FALSE,0,0,4
50,50,18,852,3,3,2,1,TRUE,0,0,4
51,51,10,862,2,2,2,0,TRUE,0,0,4
52,52,15,877,5,5,2,3,TRUE,0,0,4
53,53,14,891,2,6,2,0,FALSE,0,0,4
54,54,19,910,2,2,2,0,TRUE,0,0,4
55,55,17,927,2,2,2,0,TRUE,0,0,4
56,56,20,947,2,2,2,0,TRUE,0,0,4
57,57,13,960,2,2,2,0,TRUE,0,0,4
58,58,17,977,2,2,2,0,TRUE,0,0,4
59,59,20,997,5,5,2,3,TRUE,0,0,4
60,60,16,1013,2,2,2,0,TRUE,1,3,4
61,61,9,1022,2,3,2,0,FALSE,0,0,4
62,62,15,1037,1,1,2,2,TRUE,0,0,4
63,63,16,1053,1,1,2,2,TRUE,0,0,4
64,64,21,1074,1,1,2,2,TRUE,0,0,4
65,65,10,1084,2,2,2,0,TRUE,0,0,4
66,66,12,1096,3,3,2,1,TRUE,0,0,4
67,67,12,1108,2,2,2,0,TRUE,0,0,4
68,68,13,1121,2,2,2,0,TRUE,0,0,4
69,69,21,1142,3,2,2,1,FALSE,0,0,4
70,70,22,1164,2,2,2,0,TRUE,0,0,4
71,71,16,1180,5,5,2,3,TRUE,0,0,4
72,72,20,1200,1,1,2,2,TRUE,0,0,4
73,73,18,1218,4,4,2,3,TRUE,0,0,4
74,74,15,1233,3,3,2,1,TRUE,0,0,4
75,75,19,1252,2,2,2,0,TRUE,0,0,4
76,76,23,1275,1,1,2,2,TRUE,0,0,4
77,77,20,1295,5,5,2,3,TRUE,0,0,4
78,78,18,1313,2,2,2,0,TRUE,0,0,4
79,79,9,1322,2,2,2,0,TRUE,0,0,4
80,80,9,1331,2,5,2,0,FALSE,1,4,4
81,81,9,1340,6,2,2,3,FALSE,0,0,4
82,82,15,1355,3,3,2,1,TRUE,0,0,4
83,83,21,1376,2,2,2,0,TRUE,0,0,4
84,84,27,1403,1,1,2,2,TRUE,0,0,4
85,85,17,1420,2,2,2,0,TRUE,0,0,4
86,86,14,1434,3,3,2,1,TRUE,0,0,4
87,87,23,1457,2,2,2,0,TRUE,0,0,4
88,88,18,1475,2,2,2,0,TRUE,0,0,4
89,89,19,1494,2,2,2,0,TRUE,0,0,4
90,90,24,1518,3,3,2,1,TRUE,0,0,4
91,91,22,1540,4,4,2,3,TRUE,0,0,4
92,92,11,1551,2,2,2,0,TRUE,0,0,4
93,93,15,1566,5,5,2,3,TRUE,0,0,4
94,94,14,1580,3,3,2,1,TRUE,0,0,4
95,95,23,1603,2,2,2,0,TRUE,0,0,4
96,96,24,1627,1,1,2,2,TRUE,0,0,4
97,97,20,1647,6,6,2,3,TRUE,0,0,4
98,98,15,1662,1,1,2,2,TRUE,0,0,4
99,99,19,1681,1,1,2,2,TRUE,0,0,4
0,0,11,11,1,3,4,3,FALSE,0,0,5
1,1,18,29,4,4,4,0,TRUE,0,0,5
2,2,9,38,6,6,4,2,TRUE,0,0,5
3,3,11,49,0,6,4,3,FALSE,0,0,5
4,4,9,58,6,3,4,2,FALSE,0,0,5
5,5,15,73,4,4,4,0,TRUE,0,0,5
6,6,18,91,4,4,4,0,TRUE,0,0,5
7,7,13,104,4,4,4,0,TRUE,0,0,5
8,8,11,115,6,7,4,2,FALSE,0,0,5
9,9,16,131,4,4,4,0,TRUE,0,0,5
10,10,15,146,4,4,4,0,TRUE,0,0,5
11,11,13,159,5,1,4,1,FALSE,0,0,5
12,12,22,181,4,4,4,0,TRUE,0,0,5
13,13,19,200,4,4,4,0,TRUE,0,0,5
14,14,12,212,4,4,4,0,TRUE,0,0,5
15,15,8,220,1,6,4,3,FALSE,0,0,5
16,16,10,230,4,4,4,0,TRUE,0,0,5
17,17,12,242,4,4,4,0,TRUE,0,0,5
18,18,21,263,7,4,4,2,FALSE,0,0,5
19,19,17,280,2,1,4,3,FALSE,0,0,5
20,20,20,300,4,4,4,0,TRUE,1,1,5
21,21,15,315,7,0,4,2,FALSE,0,0,5
22,22,12,327,7,7,4,2,TRUE,0,0,5
23,23,12,339,5,4,4,1,FALSE,0,0,5
24,24,18,357,4,4,4,0,TRUE,0,0,5
25,25,10,367,1,1,4,3,TRUE,0,0,5
26,26,24,391,4,4,4,0,TRUE,0,0,5
27,27,20,411,5,4,4,1,FALSE,0,0,5
28,28,10,421,2,0,4,3,FALSE,0,0,5
29,29,15,436,5,7,4,1,FALSE,0,0,5
30,30,21,457,5,4,4,1,FALSE,0,0,5
31,31,13,470,4,4,4,0,TRUE,0,0,5
32,32,15,485,4,4,4,0,TRUE,0,0,5
33,33,23,508,4,4,4,0,TRUE,0,0,5
34,34,17,525,4,4,4,0,TRUE,0,0,5
35,35,23,548,4,4,4,0,TRUE,0,0,5
36,36,19,567,4,4,4,0,TRUE,0,0,5
37,37,21,588,6,4,4,2,FALSE,0,0,5
38,38,16,604,7,3,4,2,FALSE,0,0,5
39,39,9,613,7,7,4,2,TRUE,0,0,5
40,40,21,634,6,6,4,2,TRUE,0,0,5
41,41,11,645,2,0,4,3,FALSE,0,0,5
42,42,21,666,4,4,4,0,TRUE,1,2,5
43,43,17,683,5,7,4,1,FALSE,0,0,5
44,44,19,702,4,4,4,0,TRUE,0,0,5
45,45,11,713,4,4,4,0,TRUE,0,0,5
46,46,8,721,4,4,4,0,TRUE,0,0,5
47,47,21,742,6,6,4,2,TRUE,0,0,5
48,48,11,753,4,5,4,0,FALSE,0,0,5
49,49,12,765,4,4,4,0,TRUE,0,0,5
50,50,5,770,4,3,4,0,FALSE,0,0,5
51,51,18,788,4,4,4,0,TRUE,0,0,5
52,52,19,807,4,4,4,0,TRUE,0,0,5
53,53,19,826,6,7,4,2,FALSE,0,0,5
54,54,12,838,4,4,4,0,TRUE,0,0,5
55,55,14,852,4,4,4,0,TRUE,0,0,5
56,56,12,864,2,4,4,3,FALSE,0,0,5
57,57,24,888,5,5,4,1,TRUE,0,0,5
58,58,11,899,1,0,4,3,FALSE,0,0,5
59,59,18,917,4,4,4,0,TRUE,0,0,5
60,60,8,925,4,4,4,0,TRUE,1,3,5
61,61,16,941,5,5,4,1,TRUE,0,0,5
62,62,18,959,5,5,4,1,TRUE,0,0,5
63,63,9,968,4,4,4,0,TRUE,0,0,5
64,64,20,988,4,4,4,0,TRUE,0,0,5
65,65,13,1001,4,4,4,0,TRUE,0,0,5
66,66,14,1015,6,4,4,2,FALSE,0,0,5
67,67,17,1032,4,4,4,0,TRUE,0,0,5
68,68,20,1052,4,4,4,0,TRUE,0,0,5
69,69,6,1058,2,5,4,3,FALSE,0,0,5
70,70,17,1075,6,6,4,2,TRUE,0,0,5
71,71,19,1094,1,7,4,3,FALSE,0,0,5
72,72,24,1118,4,4,4,0,TRUE,0,0,5
73,73,11,1129,3,0,4,3,FALSE,0,0,5
74,74,16,1145,4,4,4,0,TRUE,0,0,5
75,75,22,1167,6,7,4,2,FALSE,0,0,5
76,76,14,1181,4,4,4,0,TRUE,0,0,5
77,77,12,1193,4,4,4,0,TRUE,0,0,5
78,78,10,1203,4,4,4,0,TRUE,0,0,5
79,79,13,1216,5,4,4,1,FALSE,0,0,5
80,80,9,1225,4,4,4,0,TRUE,1,4,5
81,81,11,1236,5,4,4,1,FALSE,0,0,5
82,82,12,1248,6,7,4,2,FALSE,0,0,5
83,83,18,1266,5,4,4,1,FALSE,0,0,5
84,84,9,1275,2,5,4,3,FALSE,0,0,5
85,85,16,1291,5,4,4,1,FALSE,0,0,5
86,86,9,1300,2,4,4,3,FALSE,0,0,5
87,87,20,1320,6,7,4,2,FALSE,0,0,5
88,88,12,1332,2,0,4,3,FALSE,0,0,5
89,89,9,1341,6,4,4,2,FALSE,0,0,5
90,90,22,1363,4,4,4,0,TRUE,0,0,5
91,91,11,1374,4,4,4,0,TRUE,0,0,5
92,92,18,1392,5,5,4,1,TRUE,0,0,5
93,93,13,1405,4,4,4,0,TRUE,0,0,5
94,94,11,1416,4,4,4,0,TRUE,0,0,5
95,95,15,1431,5,5,4,1,TRUE,0,0,5
96,96,10,1441,4,4,4,0,TRUE,0,0,5
97,97,10,1451,3,5,4,3,FALSE,0,0,5
98,98,8,1459,4,0,4,0,FALSE,0,0,5
99,99,23,1482,6,7,4,2,FALSE,0,0,5
0,0,15,15,5,4,4,1,FALSE,0,0,7
1,1,14,29,5,0,4,1,FALSE,0,0,7
2,2,15,44,5,7,4,1,FALSE,0,0,7
3,3,24,68,4,4,4,0,TRUE,0,0,7
4,4,15,83,0,7,4,3,FALSE,0,0,7
5,5,20,103,6,6,4,2,TRUE,0,0,7
6,6,20,123,5,5,4,1,TRUE,0,0,7
7,7,8,131,4,4,4,0,TRUE,0,0,7
8,8,11,142,5,6,4,1,FALSE,0,0,7
9,9,16,158,4,4,4,0,TRUE,0,0,7
10,10,15,173,4,4,4,0,TRUE,0,0,7
11,11,16,189,4,4,4,0,TRUE,0,0,7
12,12,17,206,4,4,4,0,TRUE,0,0,7
13,13,8,214,4,4,4,0,TRUE,0,0,7
14,14,18,232,5,5,4,1,TRUE,0,0,7
15,15,12,244,4,4,4,0,TRUE,0,0,7
16,16,9,253,2,4,4,3,FALSE,0,0,7
17,17,17,270,4,4,4,0,TRUE,0,0,7
18,18,21,291,4,4,4,0,TRUE,0,0,7
19,19,18,309,5,4,4,1,FALSE,0,0,7
20,20,11,320,1,1,4,3,TRUE,0,0,7
21,21,20,340,4,0,4,0,FALSE,1,1,7
22,22,15,355,7,0,4,2,FALSE,0,0,7
23,23,17,372,4,4,4,0,TRUE,0,0,7
24,24,10,382,5,5,4,1,TRUE,0,0,7
25,25,21,403,5,5,4,1,TRUE,0,0,7
26,26,16,419,2,4,4,3,FALSE,0,0,7
27,27,20,439,5,5,4,1,TRUE,0,0,7
28,28,21,460,7,1,4,2,FALSE,0,0,7
29,29,12,472,7,7,4,2,TRUE,0,0,7
30,30,21,493,4,4,4,0,TRUE,0,0,7
31,31,11,504,6,1,4,2,FALSE,0,0,7
32,32,13,517,4,4,4,0,TRUE,0,0,7
33,33,10,527,5,6,4,1,FALSE,0,0,7
34,34,20,547,4,4,4,0,TRUE,0,0,7
35,35,10,557,4,4,4,0,TRUE,0,0,7
36,36,12,569,4,4,4,0,TRUE,0,0,7
37,37,15,584,4,4,4,0,TRUE,0,0,7
38,38,15,599,4,4,4,0,TRUE,0,0,7
39,39,21,620,4,4,4,0,TRUE,0,0,7
40,40,20,640,4,7,4,0,FALSE,1,2,7
41,41,18,658,4,4,4,0,TRUE,0,0,7
42,42,13,671,4,4,4,0,TRUE,0,0,7
43,43,14,685,4,4,4,0,TRUE,0,0,7
44,44,11,696,6,7,4,2,FALSE,0,0,7
45,45,18,714,4,4,4,0,TRUE,0,0,7
46,46,12,726,3,4,4,3,FALSE,0,0,7
47,47,11,737,4,4,4,0,TRUE,0,0,7
48,48,12,749,4,4,4,0,TRUE,0,0,7
49,49,14,763,6,6,4,2,TRUE,0,0,7
50,50,20,783,4,4,4,0,TRUE,0,0,7
51,51,12,795,2,0,4,3,FALSE,0,0,7
52,52,18,813,5,5,4,1,TRUE,0,0,7
53,53,20,833,6,6,4,2,TRUE,0,0,7
54,54,18,851,4,4,4,0,TRUE,0,0,7
55,55,19,870,4,4,4,0,TRUE,0,0,7
56,56,12,882,4,4,4,0,TRUE,0,0,7
57,57,22,904,6,6,4,2,TRUE,0,0,7
58,58,9,913,3,1,4,3,FALSE,0,0,7
59,59,15,928,4,4,4,0,TRUE,0,0,7
60,60,17,945,5,5,4,1,TRUE,0,0,7
61,61,13,958,3,5,4,3,FALSE,0,0,7
62,62,18,976,5,5,4,1,TRUE,0,0,7
63,63,14,990,4,4,4,0,TRUE,1,3,7
64,64,21,1011,6,6,4,2,TRUE,0,0,7
65,65,11,1022,4,4,4,0,TRUE,0,0,7
66,66,24,1046,5,5,4,1,TRUE,0,0,7
67,67,15,1061,4,4,4,0,TRUE,0,0,7
68,68,25,1086,6,6,4,2,TRUE,0,0,7
69,69,18,1104,4,4,4,0,TRUE,0,0,7
70,70,15,1119,5,5,4,1,TRUE,0,0,7
71,71,14,1133,1,1,4,3,TRUE,0,0,7
72,72,19,1152,4,4,4,0,TRUE,0,0,7
73,73,10,1162,4,4,4,0,TRUE,0,0,7
74,74,15,1177,3,4,4,3,FALSE,0,0,7
75,75,13,1190,5,5,4,1,TRUE,0,0,7
76,76,22,1212,5,5,4,1,TRUE,0,0,7
77,77,16,1228,4,4,4,0,TRUE,0,0,7
78,78,11,1239,4,4,4,0,TRUE,0,0,7
79,79,22,1261,4,4,4,0,TRUE,0,0,7
80,80,18,1279,2,2,4,3,TRUE,0,0,7
81,81,18,1297,1,1,4,3,TRUE,0,0,7
82,82,10,1307,4,4,4,0,TRUE,1,4,7
83,83,22,1329,4,4,4,0,TRUE,0,0,7
84,84,12,1341,4,4,4,0,TRUE,0,0,7
85,85,13,1354,2,2,4,3,TRUE,0,0,7
86,86,16,1370,5,5,4,1,TRUE,0,0,7
87,87,16,1386,6,6,4,2,TRUE,0,0,7
88,88,22,1408,6,6,4,2,TRUE,0,0,7
89,89,13,1421,4,4,4,0,TRUE,0,0,7
90,90,16,1437,6,6,4,2,TRUE,0,0,7
91,91,10,1447,4,4,4,0,TRUE,0,0,7
92,92,14,1461,4,4,4,0,TRUE,0,0,7
93,93,16,1477,1,1,4,3,TRUE,0,0,7
94,94,11,1488,4,4,4,0,TRUE,0,0,7
95,95,17,1505,6,6,4,2,TRUE,0,0,7
96,96,14,1519,4,4,4,0,TRUE,0,0,7
97,97,14,1533,5,5,4,1,TRUE,0,0,7
98,98,23,1556,5,5,4,1,TRUE,0,0,7
99,99,20,1576,4,4,4,0,TRUE,0,0,7
0,0,14,14,2,0,2,0,FALSE,0,0,8
1,1,15,29,7,0,2,3,FALSE,0,0,8
2,2,16,45,2,7,2,0,FALSE,0,0,8
3,3,15,60,3,2,2,1,FALSE,0,0,8
4,4,11,71,1,0,2,2,FALSE,0,0,8
5,5,13,84,2,4,2,0,FALSE,0,0,8
6,6,21,105,2,0,2,0,FALSE,0,0,8
7,7,18,123,3,3,2,1,TRUE,0,0,8
8,8,22,145,1,3,2,2,FALSE,0,0,8
9,9,21,166,2,3,2,0,FALSE,0,0,8
10,10,22,188,2,2,2,0,TRUE,0,0,8
11,11,27,215,2,2,2,0,TRUE,0,0,8
12,12,13,228,2,0,2,0,FALSE,0,0,8
13,13,10,238,7,7,2,3,TRUE,0,0,8
14,14,11,249,2,6,2,0,FALSE,0,0,8
15,15,19,268,6,2,2,3,FALSE,0,0,8
16,16,24,292,2,2,2,0,TRUE,0,0,8
17,17,19,311,5,7,2,3,FALSE,0,0,8
18,18,19,330,3,3,2,1,TRUE,0,0,8
19,19,13,343,2,2,2,0,TRUE,0,0,8
20,20,10,353,3,3,2,1,TRUE,0,0,8
21,21,11,364,2,6,2,0,FALSE,1,1,8
22,22,19,383,2,1,2,0,FALSE,0,0,8
23,23,20,403,7,7,2,3,TRUE,0,0,8
24,24,8,411,0,1,2,2,FALSE,0,0,8
25,25,21,432,2,2,2,0,TRUE,0,0,8
26,26,17,449,0,0,2,2,TRUE,0,0,8
27,27,9,458,4,5,2,3,FALSE,0,0,8
28,28,9,467,1,1,2,2,TRUE,0,0,8
29,29,13,480,1,1,2,2,TRUE,0,0,8
30,30,10,490,6,0,2,3,FALSE,0,0,8
31,31,17,507,3,0,2,1,FALSE,0,0,8
32,32,14,521,2,0,2,0,FALSE,0,0,8
33,33,15,536,2,2,2,0,TRUE,0,0,8
34,34,8,544,2,3,2,0,FALSE,0,0,8
35,35,14,558,2,4,2,0,FALSE,0,0,8
36,36,19,577,2,2,2,0,TRUE,0,0,8
37,37,11,588,2,0,2,0,FALSE,0,0,8
38,38,10,598,3,2,2,1,FALSE,0,0,8
39,39,13,611,6,2,2,3,FALSE,0,0,8
40,40,16,627,2,0,2,0,FALSE,1,2,8
41,41,9,636,2,2,2,0,TRUE,0,0,8
42,42,14,650,3,3,2,1,TRUE,0,0,8
43,43,14,664,3,1,2,1,FALSE,0,0,8
44,44,10,674,5,4,2,3,FALSE,0,0,8
45,45,20,694,3,3,2,1,TRUE,0,0,8
46,46,12,706,3,2,2,1,FALSE,0,0,8
47,47,25,731,4,4,2,3,TRUE,0,0,8
48,48,23,754,1,1,2,2,TRUE,0,0,8
49,49,15,769,1,4,2,2,FALSE,0,0,8
50,50,18,787,2,2,2,0,TRUE,0,0,8
51,51,22,809,2,2,2,0,TRUE,0,0,8
52,52,11,820,2,4,2,0,FALSE,0,0,8
53,53,18,838,6,2,2,3,FALSE,0,0,8
54,54,13,851,1,1,2,2,TRUE,0,0,8
55,55,19,870,6,6,2,3,TRUE,0,0,8
56,56,23,893,2,2,2,0,TRUE,0,0,8
57,57,19,912,2,2,2,0,TRUE,0,0,8
58,58,17,929,3,2,2,1,FALSE,0,0,8
59,59,14,943,5,5,2,3,TRUE,0,0,8
60,60,19,962,2,0,2,0,FALSE,1,3,8
61,61,5,967,2,7,2,0,FALSE,0,0,8
62,62,14,981,3,1,2,1,FALSE,0,0,8
63,63,21,1002,3,3,2,1,TRUE,0,0,8
64,64,18,1020,2,7,2,0,FALSE,0,0,8
65,65,12,1032,2,3,2,0,FALSE,0,0,8
66,66,18,1050,1,1,2,2,TRUE,0,0,8
67,67,16,1066,4,7,2,3,FALSE,0,0,8
68,68,19,1085,1,1,2,2,TRUE,0,0,8
69,69,11,1096,2,4,2,0,FALSE,0,0,8
70,70,15,1111,6,6,2,3,TRUE,0,0,8
71,71,14,1125,1,1,2,2,TRUE,0,0,8
72,72,18,1143,2,2,2,0,TRUE,0,0,8
73,73,18,1161,2,2,2,0,TRUE,0,0,8
74,74,25,1186,2,2,2,0,TRUE,0,0,8
75,75,13,1199,2,7,2,0,FALSE,0,0,8
76,76,15,1214,2,2,2,0,TRUE,0,0,8
77,77,10,1224,2,3,2,0,FALSE,0,0,8
78,78,17,1241,2,2,2,0,TRUE,0,0,8
79,79,12,1253,2,2,2,0,TRUE,0,0,8
80,80,17,1270,5,5,2,3,TRUE,0,0,8
81,81,14,1284,2,0,2,0,FALSE,1,4,8
82,82,22,1306,2,2,2,0,TRUE,0,0,8
83,83,18,1324,2,2,2,0,TRUE,0,0,8
84,84,11,1335,1,0,2,2,FALSE,0,0,8
85,85,17,1352,3,3,2,1,TRUE,0,0,8
86,86,21,1373,2,7,2,0,FALSE,0,0,8
87,87,9,1382,2,5,2,0,FALSE,0,0,8
88,88,11,1393,2,2,2,0,TRUE,0,0,8
89,89,21,1414,1,1,2,2,TRUE,0,0,8
90,90,18,1432,2,3,2,0,FALSE,0,0,8
91,91,18,1450,1,1,2,2,TRUE,0,0,8
92,92,17,1467,5,5,2,3,TRUE,0,0,8
93,93,22,1489,2,2,2,0,TRUE,0,0,8
94,94,19,1508,2,1,2,0,FALSE,0,0,8
95,95,10,1518,6,4,2,3,FALSE,0,0,8
96,96,24,1542,3,3,2,1,TRUE,0,0,8
97,97,18,1560,1,1,2,2,TRUE,0,0,8
98,98,20,1580,2,2,2,0,TRUE,0,0,8
99,99,23,1603,3,1,2,1,FALSE,0,0,8
0,0,9,9,2,3,3,1,FALSE,0,0,9
1,1,10,19,4,7,3,3,FALSE,0,0,9
2,2,24,43,3,3,3,0,TRUE,0,0,9
3,3,19,62,2,3,3,1,FALSE,0,0,9
4,4,13,75,3,3,3,0,TRUE,0,0,9
5,5,18,93,3,3,3,0,TRUE,0,0,9
6,6,20,113,3,3,3,0,TRUE,0,0,9
7,7,14,127,4,5,3,3,FALSE,0,0,9
8,8,12,139,6,6,3,3,TRUE,0,0,9
9,9,14,153,3,3,3,0,TRUE,0,0,9
10,10,20,173,3,3,3,0,TRUE,0,0,9
11,11,12,185,0,0,3,2,TRUE,0,0,9
12,12,13,198,3,3,3,0,TRUE,0,0,9
13,13,22,220,3,3,3,0,TRUE,0,0,9
14,14,13,233,3,3,3,0,TRUE,0,0,9
15,15,8,241,3,3,3,0,TRUE,0,0,9
16,16,9,250,2,2,3,1,TRUE,0,0,9
17,17,9,259,2,2,3,1,TRUE,0,0,9
18,18,22,281,5,5,3,3,TRUE,0,0,9
19,19,10,291,2,2,3,1,TRUE,0,0,9
20,20,7,298,6,3,3,3,FALSE,0,0,9
21,21,21,319,3,3,3,0,TRUE,1,1,9
22,22,17,336,3,3,3,0,TRUE,0,0,9
23,23,23,359,2,2,3,1,TRUE,0,0,9
24,24,16,375,2,2,3,1,TRUE,0,0,9
25,25,19,394,3,4,3,0,FALSE,0,0,9
26,26,18,412,3,3,3,0,TRUE,0,0,9
27,27,17,429,3,3,3,0,TRUE,0,0,9
28,28,14,443,3,3,3,0,TRUE,0,0,9
29,29,20,463,3,3,3,0,TRUE,0,0,9
30,30,20,483,0,3,3,2,FALSE,0,0,9
31,31,17,500,0,0,3,2,TRUE,0,0,9
32,32,23,523,3,3,3,0,TRUE,0,0,9
33,33,18,541,0,0,3,2,TRUE,0,0,9
34,34,17,558,3,3,3,0,TRUE,0,0,9
35,35,19,577,3,3,3,0,TRUE,0,0,9
36,36,19,596,2,3,3,1,FALSE,0,0,9
37,37,15,611,7,7,3,3,TRUE,0,0,9
38,38,14,625,1,0,3,2,FALSE,0,0,9
39,39,19,644,4,4,3,3,TRUE,0,0,9
40,40,17,661,4,7,3,3,FALSE,0,0,9
41,41,13,674,6,7,3,3,FALSE,0,0,9
42,42,16,690,4,4,3,3,TRUE,0,0,9
43,43,20,710,1,0,3,2,FALSE,0,0,9
44,44,21,731,6,6,3,3,TRUE,0,0,9
45,45,16,747,1,1,3,2,TRUE,0,0,9
46,46,13,760,2,2,3,1,TRUE,0,0,9
47,47,10,770,3,2,3,0,FALSE,1,2,9
48,48,13,783,1,0,3,2,FALSE,0,0,9
49,49,21,804,2,2,3,1,TRUE,0,0,9
50,50,18,822,3,3,3,0,TRUE,0,0,9
51,51,15,837,3,3,3,0,TRUE,0,0,9
52,52,18,855,3,3,3,0,TRUE,0,0,9
53,53,22,877,6,6,3,3,TRUE,0,0,9
54,54,12,889,3,3,3,0,TRUE,0,0,9
55,55,15,904,3,3,3,0,TRUE,0,0,9
56,56,14,918,1,0,3,2,FALSE,0,0,9
57,57,15,933,4,4,3,3,TRUE,0,0,9
58,58,18,951,3,3,3,0,TRUE,0,0,9
59,59,17,968,1,0,3,2,FALSE,0,0,9
60,60,12,980,2,2,3,1,TRUE,0,0,9
61,61,22,1002,1,1,3,2,TRUE,0,0,9
62,62,23,1025,1,1,3,2,TRUE,0,0,9
63,63,16,1041,3,3,3,0,TRUE,1,3,9
64,64,11,1052,3,2,3,0,FALSE,0,0,9
65,65,11,1063,3,3,3,0,TRUE,0,0,9
66,66,10,1073,3,3,3,0,TRUE,0,0,9
67,67,14,1087,2,2,3,1,TRUE,0,0,9
68,68,18,1105,3,3,3,0,TRUE,0,0,9
69,69,18,1123,3,3,3,0,TRUE,0,0,9
70,70,26,1149,3,3,3,0,TRUE,0,0,9
71,71,17,1166,3,3,3,0,TRUE,0,0,9
72,72,8,1174,3,5,3,0,FALSE,0,0,9
73,73,23,1197,3,3,3,0,TRUE,0,0,9
74,74,18,1215,3,3,3,0,TRUE,0,0,9
75,75,22,1237,2,2,3,1,TRUE,0,0,9
76,76,10,1247,3,3,3,0,TRUE,0,0,9
77,77,21,1268,2,3,3,1,FALSE,0,0,9
78,78,16,1284,1,1,3,2,TRUE,0,0,9
79,79,19,1303,4,4,3,3,TRUE,0,0,9
80,80,19,1322,1,1,3,2,TRUE,0,0,9
81,81,16,1338,3,3,3,0,TRUE,1,4,9
82,82,20,1358,2,2,3,1,TRUE,0,0,9
83,83,16,1374,1,1,3,2,TRUE,0,0,9
84,84,14,1388,3,3,3,0,TRUE,0,0,9
85,85,19,1407,3,3,3,0,TRUE,0,0,9
86,86,20,1427,3,3,3,0,TRUE,0,0,9
87,87,13,1440,3,3,3,0,TRUE,0,0,9
88,88,18,1458,2,2,3,1,TRUE,0,0,9
89,89,23,1481,3,3,3,0,TRUE,0,0,9
90,90,15,1496,3,3,3,0,TRUE,0,0,9
91,91,24,1520,5,5,3,3,TRUE,0,0,9
92,92,9,1529,3,3,3,0,TRUE,0,0,9
93,93,20,1549,2,2,3,1,TRUE,0,0,9
94,94,21,1570,2,2,3,1,TRUE,0,0,9
95,95,23,1593,3,3,3,0,TRUE,0,0,9
96,96,11,1604,3,3,3,0,TRUE,0,0,9
97,97,26,1630,5,5,3,3,TRUE,0,0,9
98,98,12,1642,5,4,3,3,FALSE,0,0,9
99,99,23,1665,3,3,3,0,TRUE,0,0,9
